SEASON_ID,Player_ID,Game_ID,GAME_DATE,MATCHUP,WL,MIN,FGM,FGA,FG_PCT,FG3M,FG3A,FG3_PCT,FTM,FTA,FT_PCT,OREB,DREB,REB,AST,STL,BLK,TOV,PF,PTS,PLUS_MINUS,VIDEO_AVAILABLE
21995,77142,0029501184,"APR 21, 1996",LAL @ POR,W,33,1,7.0,0.143,0,1.0,0.0,4,6,0.667,1.0,2.0,3.0,10.0,3.0,0.0,2.0,1.0,6,,0
21995,77142,0029501132,"APR 14, 1996",LAL vs. PHX,W,8,3,4.0,0.75,0,0.0,0.0,2,2,1.0,0.0,1.0,1.0,2.0,0.0,0.0,2.0,2.0,8,,0
21995,77142,0029501114,"APR 12, 1996",LAL vs. GOS,W,26,4,7.0,0.571,0,2.0,0.0,2,2,1.0,1.0,1.0,2.0,9.0,0.0,0.0,2.0,0.0,10,,0
21995,77142,0029501103,"APR 10, 1996",LAL @ MIN,W,28,2,5.0,0.4,0,1.0,0.0,2,2,1.0,0.0,10.0,10.0,11.0,0.0,2.0,4.0,3.0,6,,0
21995,77142,0029501096,"APR 09, 1996",LAL @ DEN,L,26,3,13.0,0.231,2,4.0,0.5,6,8,0.75,1.0,7.0,8.0,2.0,0.0,2.0,2.0,1.0,14,,0
21995,77142,0029501079,"APR 07, 1996",LAL vs. SAN,W,41,4,11.0,0.364,2,3.0,0.667,5,6,0.833,2.0,7.0,9.0,7.0,1.0,0.0,5.0,1.0,15,,0
21995,77142,0029501050,"APR 03, 1996",LAL @ CLE,L,39,8,13.0,0.615,3,5.0,0.6,7,7,1.0,2.0,6.0,8.0,4.0,0.0,0.0,5.0,3.0,26,,0
21995,77142,0029501041,"APR 02, 1996",LAL @ CHH,L,38,0,4.0,0.0,0,1.0,0.0,10,11,0.909,0.0,6.0,6.0,10.0,0.0,0.0,1.0,0.0,10,,0
21995,77142,0029501028,"MAR 31, 1996",LAL @ TOR,W,34,5,12.0,0.417,0,2.0,0.0,9,10,0.9,1.0,3.0,4.0,6.0,0.0,0.0,5.0,2.0,19,,0
21995,77142,0029501011,"MAR 29, 1996",LAL @ ATL,W,42,6,17.0,0.353,0,0.0,0.0,4,4,1.0,1.0,9.0,10.0,9.0,0.0,0.0,2.0,1.0,16,,0
21995,77142,0029500997,"MAR 27, 1996",LAL @ MIA,W,39,6,8.0,0.75,0,0.0,0.0,15,15,1.0,1.0,8.0,9.0,9.0,1.0,0.0,4.0,1.0,27,,0
21995,77142,0029500990,"MAR 26, 1996",LAL @ ORL,W,36,4,8.0,0.5,2,2.0,1.0,4,4,1.0,0.0,4.0,4.0,7.0,2.0,1.0,6.0,1.0,14,,0
21995,77142,0029500979,"MAR 24, 1996",LAL vs. CHH,L,39,9,12.0,0.75,1,2.0,0.5,9,10,0.9,0.0,8.0,8.0,5.0,0.0,2.0,7.0,2.0,28,,0
21995,77142,0029500955,"MAR 21, 1996",LAL @ SEA,L,39,7,18.0,0.389,1,3.0,0.333,2,4,0.5,3.0,4.0,7.0,3.0,0.0,0.0,3.0,4.0,17,,0
21995,77142,0029500936,"MAR 19, 1996",LAL vs. SEA,W,34,4,6.0,0.667,1,3.0,0.333,5,5,1.0,1.0,4.0,5.0,10.0,1.0,0.0,0.0,1.0,14,,0
21995,77142,0029500927,"MAR 17, 1996",LAL vs. ORL,L,33,4,11.0,0.364,1,1.0,1.0,1,1,1.0,2.0,2.0,4.0,5.0,1.0,0.0,2.0,3.0,10,,0
21995,77142,0029500909,"MAR 15, 1996",LAL vs. MIL,W,22,6,8.0,0.75,1,1.0,1.0,7,8,0.875,0.0,2.0,2.0,8.0,1.0,0.0,2.0,2.0,20,,0
21995,77142,0029500902,"MAR 14, 1996",LAL @ GOS,W,34,6,12.0,0.5,0,3.0,0.0,9,10,0.9,1.0,3.0,4.0,6.0,0.0,1.0,3.0,1.0,21,,0
21995,77142,0029500886,"MAR 12, 1996",LAL vs. POR,L,28,1,6.0,0.167,1,2.0,0.5,2,2,1.0,1.0,4.0,5.0,8.0,1.0,1.0,4.0,1.0,5,,0
21995,77142,0029500866,"MAR 08, 1996",LAL @ PHX,W,32,4,7.0,0.571,0,2.0,0.0,4,4,1.0,2.0,4.0,6.0,8.0,0.0,0.0,6.0,2.0,12,,0
21995,77142,0029500853,"MAR 07, 1996",LAL @ SAC,W,30,5,10.0,0.5,1,2.0,0.5,4,4,1.0,1.0,4.0,5.0,7.0,1.0,0.0,5.0,1.0,15,,0
21995,77142,0029500823,"MAR 03, 1996",LAL vs. HOU,L,26,4,10.0,0.4,0,1.0,0.0,6,10,0.6,4.0,3.0,7.0,5.0,2.0,0.0,7.0,4.0,14,,0
21995,77142,0029500810,"MAR 01, 1996",LAL vs. WAS,W,15,1,3.0,0.333,1,1.0,1.0,2,2,1.0,0.0,1.0,1.0,3.0,1.0,0.0,0.0,0.0,5,,0
21995,77142,0029500761,"FEB 24, 1996",LAL @ HOU,L,11,1,2.0,0.5,0,0.0,0.0,0,0,0.0,0.0,1.0,1.0,3.0,0.0,0.0,1.0,0.0,2,,0
21995,77142,0029500733,"FEB 20, 1996",LAL vs. LAC,W,1,0,0.0,0.0,0,0.0,0.0,0,0,0.0,0.0,0.0,0.0,0.0,0.0,0.0,0.0,0.0,0,,0
21995,77142,0029500705,"FEB 16, 1996",LAL vs. DAL,W,31,10,15.0,0.667,1,2.0,0.5,9,10,1.0,3.0,5.0,8.0,11.0,2.0,2.0,3.0,0.0,30,,0
21995,77142,0029500689,"FEB 14, 1996",LAL vs. ATL,W,39,5,9.0,0.556,1,2.0,0.5,4,8,0.5,1.0,9.0,10.0,13.0,1.0,0.0,4.0,3.0,15,,0
21995,77142,0029500665,"FEB 07, 1996",LAL vs. NJN,W,31,5,16.0,0.313,1,3.0,0.333,7,8,0.875,3.0,6.0,9.0,8.0,2.0,1.0,2.0,1.0,18,,0
21995,77142,0029500657,"FEB 06, 1996",LAL @ DEN,W,33,3,5.0,0.6,0,1.0,0.0,10,12,0.833,2.0,7.0,9.0,12.0,2.0,1.0,5.0,1.0,16,,0
21995,77142,0029500646,"FEB 04, 1996",LAL vs. UTH,W,31,3,8.0,0.375,0,3.0,0.0,15,18,0.833,2.0,5.0,7.0,6.0,1.0,0.0,2.0,1.0,21,,0
21995,77142,0029500631,"FEB 02, 1996",LAL vs. CHI,L,32,6,13.0,0.462,2,3.0,0.667,1,2,0.5,2.0,1.0,3.0,3.0,1.0,0.0,3.0,0.0,15,,0
21995,77142,0029500609,"JAN 30, 1996",LAL vs. GOS,W,27,7,14.0,0.5,0,2.0,0.0,5,6,0.833,2.0,6.0,8.0,10.0,2.0,0.0,4.0,5.0,19,,0
21990,77142,0029001101,"APR 21, 1991",LAL vs. SEA,W,21,1,5.0,0.2,0,2.0,0.0,10,11,0.909,0.0,2.0,2.0,2.0,4.0,0.0,3.0,1.0,12,,0
21990,77142,0029001094,"APR 20, 1991",LAL @ UTH,L,24,2,8.0,0.25,0,0.0,0.0,5,5,1.0,2.0,4.0,6.0,6.0,3.0,0.0,4.0,1.0,9,,0
21990,77142,0029001075,"APR 17, 1991",LAL @ GOS,L,33,5,15.0,0.333,0,5.0,0.0,4,4,1.0,2.0,6.0,8.0,15.0,0.0,0.0,4.0,1.0,14,,0
21990,77142,0029001059,"APR 15, 1991",LAL vs. DAL,W,37,1,4.0,0.25,0,2.0,0.0,5,6,0.833,1.0,8.0,9.0,19.0,3.0,0.0,11.0,0.0,7,,0
21990,77142,0029001044,"APR 13, 1991",LAL @ POR,L,41,5,13.0,0.385,2,5.0,0.4,0,0,0.0,0.0,6.0,6.0,15.0,2.0,0.0,7.0,3.0,12,,0
21990,77142,0029001031,"APR 11, 1991",LAL vs. UTH,W,38,6,15.0,0.4,1,5.0,0.2,18,18,1.0,4.0,3.0,7.0,11.0,1.0,0.0,4.0,4.0,31,,0
21990,77142,0029001004,"APR 07, 1991",LAL vs. PHX,W,38,11,19.0,0.579,3,6.0,0.5,6,9,0.667,2.0,6.0,8.0,8.0,4.0,0.0,2.0,1.0,31,,0
21990,77142,0029000987,"APR 05, 1991",LAL vs. MIA,W,33,6,14.0,0.429,0,2.0,0.0,8,8,1.0,3.0,6.0,9.0,9.0,0.0,0.0,5.0,2.0,20,,0
21990,77142,0029000985,"APR 04, 1991",LAL @ PHX,W,41,2,5.0,0.4,0,0.0,0.0,6,6,1.0,0.0,9.0,9.0,14.0,2.0,0.0,4.0,2.0,10,,0
21990,77142,0029000970,"APR 02, 1991",LAL @ SAN,W,40,8,13.0,0.615,1,3.0,0.333,13,13,1.0,2.0,10.0,12.0,10.0,2.0,1.0,3.0,4.0,30,,0
21990,77142,0029000958,"MAR 31, 1991",LAL vs. SAC,W,24,5,10.0,0.5,0,1.0,0.0,9,11,0.818,1.0,2.0,3.0,10.0,0.0,0.0,4.0,0.0,19,,0
21990,77142,0029000949,"MAR 29, 1991",LAL vs. POR,L,43,7,13.0,0.538,1,2.0,0.5,8,9,0.889,1.0,9.0,10.0,12.0,0.0,0.0,2.0,4.0,23,,0
21990,77142,0029000918,"MAR 25, 1991",LAL @ SAC,W,42,6,11.0,0.545,0,1.0,0.0,7,8,0.875,2.0,10.0,12.0,14.0,2.0,0.0,3.0,3.0,19,,0
21990,77142,0029000914,"MAR 24, 1991",LAL vs. SEA,W,33,11,14.0,0.786,3,3.0,1.0,8,9,0.889,2.0,1.0,3.0,11.0,2.0,0.0,7.0,0.0,33,,0
21990,77142,0029000882,"MAR 20, 1991",LAL @ SEA,L,29,4,11.0,0.364,1,6.0,0.167,7,9,0.778,1.0,2.0,3.0,6.0,3.0,0.0,0.0,1.0,16,,0
21990,77142,0029000876,"MAR 19, 1991",LAL vs. LAC,W,29,6,10.0,0.6,1,2.0,0.5,5,6,0.833,0.0,5.0,5.0,11.0,2.0,0.0,2.0,1.0,18,,0
21990,77142,0029000867,"MAR 17, 1991",LAL vs. SAN,W,43,3,10.0,0.3,1,4.0,0.25,8,8,1.0,1.0,2.0,3.0,15.0,2.0,1.0,3.0,1.0,15,,0
21990,77142,0029000852,"MAR 15, 1991",LAL vs. DEN,W,28,2,4.0,0.5,0,1.0,0.0,10,12,0.833,0.0,3.0,3.0,10.0,1.0,0.0,3.0,2.0,14,,0
21990,77142,0029000823,"MAR 12, 1991",LAL @ MIA,W,42,4,12.0,0.333,0,1.0,0.0,13,14,0.929,1.0,10.0,11.0,14.0,2.0,0.0,5.0,2.0,21,,0
21990,77142,0029000813,"MAR 10, 1991",LAL @ ORL,W,36,6,10.0,0.6,1,4.0,0.25,5,6,0.833,1.0,4.0,5.0,12.0,1.0,0.0,4.0,1.0,18,,0
21990,77142,0029000804,"MAR 09, 1991",LAL @ WAS,W,34,8,14.0,0.571,3,4.0,0.75,6,8,0.75,1.0,9.0,10.0,8.0,1.0,1.0,2.0,1.0,25,,0
21990,77142,0029000793,"MAR 07, 1991",LAL @ MIL,L,33,3,12.0,0.25,0,1.0,0.0,2,3,0.667,0.0,5.0,5.0,9.0,1.0,1.0,4.0,1.0,8,,0
21990,77142,0029000785,"MAR 05, 1991",LAL @ MIN,L,44,9,20.0,0.45,0,4.0,0.0,14,14,1.0,1.0,5.0,6.0,9.0,1.0,0.0,4.0,2.0,32,,0
21990,77142,0029000770,"MAR 03, 1991",LAL vs. HOU,L,41,5,11.0,0.455,0,1.0,0.0,8,8,1.0,1.0,5.0,6.0,8.0,2.0,0.0,5.0,5.0,18,,0
21990,77142,0029000756,"MAR 01, 1991",LAL vs. ORL,W,33,8,17.0,0.471,2,3.0,0.667,8,9,0.889,3.0,5.0,8.0,9.0,1.0,0.0,4.0,3.0,26,,0
21990,77142,0029000745,"FEB 28, 1991",LAL @ DEN,W,37,4,9.0,0.444,1,1.0,1.0,9,9,1.0,1.0,4.0,5.0,14.0,1.0,0.0,4.0,1.0,18,,0
21990,77142,0029000726,"FEB 25, 1991",LAL @ PHL,L,43,4,6.0,0.667,2,3.0,0.667,6,8,0.75,2.0,5.0,7.0,13.0,1.0,2.0,3.0,0.0,16,,0
21990,77142,0029000719,"FEB 24, 1991",LAL @ DET,W,47,11,18.0,0.611,2,3.0,0.667,7,9,0.778,1.0,7.0,8.0,11.0,3.0,0.0,3.0,1.0,31,,0
21990,77142,0029000705,"FEB 22, 1991",LAL @ ATL,L,36,7,12.0,0.583,0,3.0,0.0,10,11,0.909,2.0,7.0,9.0,9.0,1.0,0.0,8.0,5.0,24,,0
21990,77142,0029000696,"FEB 21, 1991",LAL @ DAL,W,39,6,12.0,0.5,2,6.0,0.333,7,7,1.0,1.0,9.0,10.0,12.0,0.0,1.0,3.0,3.0,21,,0
21990,77142,0029000685,"FEB 19, 1991",LAL @ HOU,W,44,7,17.0,0.412,1,4.0,0.25,3,3,1.0,4.0,6.0,10.0,17.0,0.0,0.0,5.0,1.0,18,,0
21990,77142,0029000674,"FEB 17, 1991",LAL vs. POR,W,39,8,14.0,0.571,1,4.0,0.25,7,8,0.875,2.0,6.0,8.0,16.0,0.0,0.0,4.0,3.0,24,,0
21990,77142,0029000657,"FEB 15, 1991",LAL vs. BOS,L,41,7,13.0,0.538,1,4.0,0.25,6,8,0.75,3.0,6.0,9.0,16.0,1.0,1.0,2.0,1.0,21,,0
21990,77142,0029000643,"FEB 13, 1991",LAL vs. MIN,W,31,5,14.0,0.357,1,4.0,0.25,7,7,1.0,2.0,6.0,8.0,14.0,0.0,1.0,2.0,1.0,18,,0
21990,77142,0029000635,"FEB 12, 1991",LAL @ PHX,L,40,4,7.0,0.571,2,4.0,0.5,4,4,1.0,0.0,3.0,3.0,15.0,1.0,0.0,6.0,3.0,14,,0
21990,77142,0029000612,"FEB 05, 1991",LAL vs. LAC,W,30,7,9.0,0.778,2,4.0,0.5,6,6,1.0,0.0,4.0,4.0,13.0,2.0,0.0,5.0,1.0,22,,0
21990,77142,0029000597,"FEB 03, 1991",LAL vs. CHI,W,31,2,4.0,0.5,2,3.0,0.667,1,1,1.0,1.0,6.0,7.0,11.0,0.0,0.0,5.0,3.0,7,,0
21990,77142,0029000586,"FEB 01, 1991",LAL @ LAC,W,39,9,17.0,0.529,2,5.0,0.4,10,12,0.833,0.0,8.0,8.0,10.0,0.0,0.0,2.0,3.0,30,,0
21990,77142,0029000578,"JAN 31, 1991",LAL vs. ATL,W,29,3,8.0,0.375,1,3.0,0.333,0,0,0.0,1.0,7.0,8.0,12.0,0.0,0.0,4.0,1.0,7,,0
21990,77142,0029000562,"JAN 29, 1991",LAL vs. NJN,W,23,4,7.0,0.571,1,1.0,1.0,5,5,1.0,1.0,5.0,6.0,7.0,0.0,1.0,2.0,1.0,14,,0
21990,77142,0029000554,"JAN 27, 1991",LAL @ BOS,W,38,9,16.0,0.563,1,4.0,0.25,3,3,1.0,1.0,8.0,9.0,15.0,2.0,0.0,6.0,2.0,22,,0
21990,77142,0029000536,"JAN 25, 1991",LAL @ NJN,W,50,3,13.0,0.231,1,3.0,0.333,15,16,0.938,0.0,8.0,8.0,17.0,4.0,0.0,4.0,5.0,22,,0
21990,77142,0029000534,"JAN 24, 1991",LAL @ CHH,W,29,7,9.0,0.778,3,4.0,0.75,2,2,1.0,0.0,6.0,6.0,17.0,1.0,0.0,5.0,1.0,19,,0
21990,77142,0029000519,"JAN 22, 1991",LAL @ ORL,W,25,4,9.0,0.444,2,5.0,0.4,5,5,1.0,0.0,4.0,4.0,8.0,2.0,1.0,2.0,4.0,15,,0
21990,77142,0029000512,"JAN 21, 1991",LAL @ IND,W,42,8,14.0,0.571,2,5.0,0.4,9,10,0.9,1.0,1.0,2.0,15.0,2.0,0.0,2.0,2.0,27,,0
21990,77142,0029000489,"JAN 18, 1991",LAL vs. SEA,W,44,12,14.0,0.857,0,0.0,0.0,9,10,0.9,0.0,4.0,4.0,9.0,3.0,0.0,2.0,1.0,33,,0
21990,77142,0029000488,"JAN 17, 1991",LAL @ SAC,W,37,4,9.0,0.444,0,2.0,0.0,1,2,0.5,2.0,4.0,6.0,15.0,4.0,1.0,0.0,4.0,9,,0
21990,77142,0029000471,"JAN 15, 1991",LAL vs. CHH,W,23,4,9.0,0.444,0,0.0,0.0,1,1,1.0,2.0,3.0,5.0,10.0,2.0,1.0,3.0,0.0,9,,0
21990,77142,0029000465,"JAN 13, 1991",LAL vs. HOU,W,38,6,15.0,0.4,0,2.0,0.0,5,6,0.833,4.0,5.0,9.0,16.0,1.0,0.0,4.0,2.0,17,,0
21990,77142,0029000452,"JAN 11, 1991",LAL vs. CLE,W,41,7,17.0,0.412,0,2.0,0.0,13,13,1.0,4.0,6.0,10.0,14.0,0.0,0.0,9.0,3.0,27,,0
21990,77142,0029000435,"JAN 09, 1991",LAL vs. UTH,W,30,4,9.0,0.444,1,3.0,0.333,3,3,1.0,1.0,3.0,4.0,15.0,2.0,0.0,2.0,1.0,12,,0
21990,77142,0029000397,"JAN 04, 1991",LAL @ GOS,L,40,5,14.0,0.357,0,3.0,0.0,6,9,0.667,3.0,6.0,9.0,13.0,0.0,0.0,1.0,2.0,16,,0
21990,77142,0029000395,"JAN 03, 1991",LAL @ POR,W,44,4,11.0,0.364,3,7.0,0.429,2,3,0.667,0.0,6.0,6.0,17.0,1.0,0.0,5.0,1.0,13,,0
21990,77142,0029000380,"DEC 30, 1990",LAL vs. PHL,W,39,10,17.0,0.588,2,4.0,0.5,12,12,1.0,3.0,10.0,13.0,13.0,2.0,0.0,4.0,1.0,34,,0
21990,77142,0029000349,"DEC 26, 1990",LAL @ LAC,W,40,6,16.0,0.375,2,6.0,0.333,5,5,1.0,0.0,7.0,7.0,13.0,1.0,0.0,6.0,2.0,19,,0
21990,77142,0029000340,"DEC 23, 1990",LAL vs. MIN,W,27,3,10.0,0.3,0,3.0,0.0,9,10,0.9,2.0,4.0,6.0,13.0,1.0,0.0,2.0,1.0,15,,0
21990,77142,0029000324,"DEC 21, 1990",LAL @ CHI,L,39,7,14.0,0.5,4,7.0,0.571,0,1,0.0,2.0,7.0,9.0,14.0,0.0,0.0,5.0,1.0,18,,0
21990,77142,0029000309,"DEC 19, 1990",LAL @ CLE,L,40,6,13.0,0.462,3,5.0,0.6,3,3,1.0,1.0,7.0,8.0,15.0,1.0,0.0,3.0,3.0,18,,0
21990,77142,0029000300,"DEC 18, 1990",LAL @ NYK,W,41,7,11.0,0.636,2,3.0,0.667,6,7,0.857,0.0,5.0,5.0,11.0,1.0,0.0,5.0,2.0,22,,0
21990,77142,0029000292,"DEC 16, 1990",LAL vs. IND,W,39,7,14.0,0.5,0,0.0,0.0,15,16,0.938,2.0,5.0,7.0,21.0,1.0,0.0,7.0,2.0,29,,0
21990,77142,0029000285,"DEC 15, 1990",LAL @ GOS,W,41,4,11.0,0.364,0,2.0,0.0,7,8,0.875,1.0,6.0,7.0,9.0,1.0,0.0,4.0,5.0,15,,0
21990,77142,0029000266,"DEC 12, 1990",LAL vs. DAL,L,46,6,16.0,0.375,2,6.0,0.333,4,4,1.0,1.0,5.0,6.0,12.0,2.0,0.0,3.0,3.0,18,,0
21990,77142,0029000248,"DEC 09, 1990",LAL vs. WAS,W,44,7,15.0,0.467,0,2.0,0.0,5,5,1.0,2.0,4.0,6.0,14.0,1.0,1.0,3.0,2.0,19,,0
21990,77142,0029000238,"DEC 07, 1990",LAL @ UTH,L,40,8,15.0,0.533,1,3.0,0.333,3,3,1.0,1.0,8.0,9.0,9.0,1.0,0.0,8.0,2.0,20,,0
21990,77142,0029000226,"DEC 06, 1990",LAL @ MIN,W,41,6,22.0,0.273,0,5.0,0.0,9,11,0.818,0.0,7.0,7.0,11.0,0.0,0.0,3.0,0.0,21,,0
21990,77142,0029000208,"DEC 04, 1990",LAL vs. DET,W,36,9,17.0,0.529,0,2.0,0.0,3,3,1.0,2.0,10.0,12.0,14.0,0.0,0.0,4.0,2.0,21,,0
21990,77142,0029000192,"DEC 01, 1990",LAL @ PHX,W,40,11,24.0,0.458,1,4.0,0.25,2,3,0.667,3.0,9.0,12.0,15.0,1.0,1.0,4.0,2.0,25,,0
21990,77142,0029000179,"NOV 28, 1990",LAL vs. SAN,W,36,4,9.0,0.444,0,2.0,0.0,0,0,0.0,0.0,2.0,2.0,12.0,0.0,1.0,5.0,4.0,8,,0
21990,77142,0029000150,"NOV 24, 1990",LAL vs. ORL,W,28,8,8.0,1.0,1,1.0,1.0,4,5,0.8,0.0,2.0,2.0,14.0,1.0,0.0,3.0,2.0,21,,0
21990,77142,0029000128,"NOV 21, 1990",LAL vs. DEN,W,38,6,12.0,0.5,1,4.0,0.25,9,9,1.0,1.0,2.0,3.0,18.0,0.0,0.0,5.0,0.0,22,,0
21990,77142,0029000120,"NOV 19, 1990",LAL @ DEN,W,34,9,16.0,0.563,1,3.0,0.333,2,3,0.667,1.0,9.0,10.0,11.0,0.0,0.0,1.0,1.0,21,,0
21990,77142,0029000115,"NOV 18, 1990",LAL vs. GOS,W,30,6,13.0,0.462,1,5.0,0.2,4,4,1.0,0.0,4.0,4.0,10.0,0.0,0.0,3.0,0.0,17,,0
21990,77142,0029000100,"NOV 16, 1990",LAL @ DAL,L,39,2,9.0,0.222,0,6.0,0.0,6,7,0.857,2.0,6.0,8.0,11.0,2.0,0.0,2.0,1.0,10,,0
21990,77142,0029000093,"NOV 15, 1990",LAL @ HOU,W,50,6,13.0,0.462,2,4.0,0.5,10,10,1.0,0.0,10.0,10.0,16.0,3.0,1.0,5.0,2.0,24,,0
21990,77142,0029000079,"NOV 13, 1990",LAL vs. PHX,L,42,7,13.0,0.538,0,1.0,0.0,6,6,1.0,3.0,6.0,9.0,15.0,1.0,0.0,6.0,0.0,20,,0
21990,77142,0029000068,"NOV 11, 1990",LAL vs. NYK,L,41,6,17.0,0.353,0,3.0,0.0,12,12,1.0,5.0,10.0,15.0,14.0,2.0,0.0,4.0,2.0,24,,0
21990,77142,0029000056,"NOV 09, 1990",LAL vs. SAC,W,39,5,9.0,0.556,1,1.0,1.0,14,15,0.933,1.0,3.0,4.0,13.0,0.0,0.0,6.0,1.0,25,,0
21990,77142,0029000035,"NOV 06, 1990",LAL vs. POR,L,49,8,16.0,0.5,1,4.0,0.25,7,7,1.0,1.0,5.0,6.0,22.0,3.0,0.0,5.0,3.0,24,,0
21990,77142,0029000017,"NOV 03, 1990",LAL @ SAN,L,44,3,10.0,0.3,1,4.0,0.25,7,9,0.778,0.0,3.0,3.0,11.0,1.0,0.0,6.0,4.0,14,,0
21989,77142,0028901094,"APR 21, 1990",LAL @ LAC,W,35,10,21.0,0.476,5,10.0,0.5,5,5,1.0,3.0,5.0,8.0,12.0,4.0,0.0,4.0,1.0,30,,0
21989,77142,0028901077,"APR 19, 1990",LAL vs. MIN,W,30,2,8.0,0.25,1,3.0,0.333,6,6,1.0,1.0,3.0,4.0,7.0,1.0,1.0,3.0,2.0,11,,0
21989,77142,0028901064,"APR 17, 1990",LAL @ SEA,W,38,4,12.0,0.333,1,2.0,0.5,12,13,0.923,2.0,4.0,6.0,8.0,2.0,0.0,4.0,2.0,21,,0
21989,77142,0028901054,"APR 15, 1990",LAL vs. HOU,W,41,7,14.0,0.5,3,7.0,0.429,8,8,1.0,1.0,10.0,11.0,11.0,0.0,0.0,7.0,4.0,25,,0
21989,77142,0028901038,"APR 13, 1990",LAL vs. GOS,W,32,8,12.0,0.667,2,4.0,0.5,3,3,1.0,3.0,7.0,10.0,13.0,0.0,0.0,1.0,4.0,21,,0
21989,77142,0028901030,"APR 12, 1990",LAL @ UTH,L,43,4,11.0,0.364,1,2.0,0.5,11,12,0.917,3.0,5.0,8.0,9.0,1.0,0.0,5.0,2.0,20,,0
21989,77142,0028901012,"APR 09, 1990",LAL vs. DAL,W,41,8,13.0,0.615,3,5.0,0.6,19,22,0.864,1.0,7.0,8.0,8.0,1.0,1.0,2.0,1.0,38,,0
21989,77142,0028901009,"APR 08, 1990",LAL @ DEN,W,43,5,14.0,0.357,3,8.0,0.375,6,6,1.0,2.0,9.0,11.0,7.0,1.0,0.0,2.0,2.0,19,,0
21989,77142,0028900996,"APR 06, 1990",LAL @ PHX,W,41,8,18.0,0.444,2,3.0,0.667,4,6,0.667,1.0,6.0,7.0,10.0,2.0,0.0,3.0,5.0,22,,0
21989,77142,0028900986,"APR 05, 1990",LAL vs. SAC,W,40,8,18.0,0.444,3,7.0,0.429,2,2,1.0,1.0,3.0,4.0,16.0,2.0,0.0,2.0,2.0,21,,0
21989,77142,0028900963,"APR 01, 1990",LAL vs. UTH,W,41,9,20.0,0.45,2,5.0,0.4,13,16,0.813,4.0,4.0,8.0,13.0,1.0,2.0,6.0,4.0,33,,0
21989,77142,0028900950,"MAR 30, 1990",LAL vs. POR,W,32,8,15.0,0.533,1,3.0,0.333,8,9,0.889,0.0,10.0,10.0,14.0,0.0,0.0,4.0,2.0,25,,0
21989,77142,0028900927,"MAR 27, 1990",LAL @ POR,L,14,4,8.0,0.5,0,2.0,0.0,0,0,0.0,0.0,2.0,2.0,7.0,0.0,0.0,3.0,0.0,8,,0
21989,77142,0028900917,"MAR 25, 1990",LAL vs. SEA,W,31,6,7.0,0.857,1,2.0,0.5,5,5,1.0,0.0,2.0,2.0,5.0,1.0,0.0,4.0,2.0,18,,0
21989,77142,0028900894,"MAR 23, 1990",LAL vs. LAC,W,35,8,15.0,0.533,0,2.0,0.0,12,16,0.75,2.0,4.0,6.0,8.0,1.0,2.0,2.0,1.0,28,,0
21989,77142,0028900875,"MAR 20, 1990",LAL vs. CHH,W,29,4,11.0,0.364,0,3.0,0.0,7,9,0.778,2.0,1.0,3.0,6.0,1.0,0.0,3.0,3.0,15,,0
21989,77142,0028900858,"MAR 17, 1990",LAL @ MIN,W,45,9,19.0,0.474,3,5.0,0.6,16,19,0.842,2.0,3.0,5.0,13.0,2.0,1.0,0.0,1.0,37,,0
21989,77142,0028900841,"MAR 15, 1990",LAL @ CLE,L,38,4,16.0,0.25,0,5.0,0.0,7,7,1.0,1.0,4.0,5.0,10.0,2.0,0.0,4.0,4.0,15,,0
21989,77142,0028900837,"MAR 14, 1990",LAL @ PHL,L,40,9,15.0,0.6,4,6.0,0.667,12,13,0.923,1.0,5.0,6.0,9.0,1.0,0.0,5.0,2.0,34,,0
21989,77142,0028900822,"MAR 12, 1990",LAL @ CHH,W,41,4,10.0,0.4,0,2.0,0.0,11,12,0.917,2.0,7.0,9.0,15.0,1.0,2.0,4.0,1.0,19,,0
21989,77142,0028900821,"MAR 11, 1990",LAL @ ATL,W,39,10,19.0,0.526,3,5.0,0.6,9,10,0.9,5.0,3.0,8.0,14.0,3.0,1.0,5.0,0.0,32,,0
21989,77142,0028900807,"MAR 09, 1990",LAL vs. GOS,W,39,14,19.0,0.737,1,4.0,0.25,4,5,0.8,4.0,9.0,13.0,16.0,3.0,0.0,3.0,1.0,33,,0
21989,77142,0028900794,"MAR 07, 1990",LAL @ DAL,W,43,7,15.0,0.467,4,6.0,0.667,3,4,0.75,2.0,3.0,5.0,11.0,2.0,0.0,3.0,0.0,21,,0
21989,77142,0028900788,"MAR 06, 1990",LAL @ HOU,L,39,11,24.0,0.458,1,5.0,0.2,4,6,0.667,1.0,5.0,6.0,8.0,2.0,0.0,3.0,1.0,27,,0
21989,77142,0028900771,"MAR 04, 1990",LAL vs. MIN,W,33,4,6.0,0.667,0,0.0,0.0,1,2,0.5,0.0,3.0,3.0,15.0,0.0,0.0,2.0,2.0,9,,0
21989,77142,0028900758,"MAR 02, 1990",LAL vs. CLE,W,30,9,15.0,0.6,3,6.0,0.5,5,5,1.0,1.0,5.0,6.0,8.0,1.0,0.0,3.0,1.0,26,,0
21989,77142,0028900746,"FEB 28, 1990",LAL @ SEA,W,41,6,17.0,0.353,2,6.0,0.333,11,11,1.0,0.0,6.0,6.0,8.0,0.0,0.0,4.0,3.0,25,,0
21989,77142,0028900724,"FEB 25, 1990",LAL vs. UTH,L,44,8,16.0,0.5,4,6.0,0.667,12,16,0.75,0.0,2.0,2.0,16.0,1.0,0.0,3.0,4.0,32,,0
21989,77142,0028900707,"FEB 23, 1990",LAL vs. PHL,W,37,8,10.0,0.8,2,3.0,0.667,4,4,1.0,0.0,5.0,5.0,17.0,2.0,0.0,6.0,1.0,22,,0
21989,77142,0028900693,"FEB 21, 1990",LAL @ DEN,W,44,4,8.0,0.5,1,2.0,0.5,8,10,0.8,0.0,11.0,11.0,17.0,0.0,0.0,6.0,5.0,17,,0
21989,77142,0028900690,"FEB 20, 1990",LAL @ SAN,W,45,7,17.0,0.412,1,3.0,0.333,4,6,0.667,5.0,8.0,13.0,8.0,0.0,1.0,3.0,1.0,19,,0
21989,77142,0028900672,"FEB 18, 1990",LAL vs. BOS,W,38,10,21.0,0.476,3,6.0,0.5,7,7,1.0,1.0,3.0,4.0,13.0,1.0,0.0,4.0,2.0,30,,0
21989,77142,0028900654,"FEB 15, 1990",LAL @ SAC,W,36,5,12.0,0.417,2,5.0,0.4,5,6,0.833,1.0,3.0,4.0,8.0,1.0,0.0,4.0,2.0,17,,0
21989,77142,0028900646,"FEB 14, 1990",LAL vs. POR,L,46,7,18.0,0.389,3,6.0,0.5,16,17,0.941,2.0,4.0,6.0,15.0,1.0,0.0,5.0,4.0,33,,0
21989,77142,0028900619,"FEB 07, 1990",LAL vs. CHI,W,39,7,14.0,0.5,3,6.0,0.5,5,5,1.0,0.0,8.0,8.0,17.0,2.0,0.0,4.0,2.0,22,,0
21989,77142,0028900615,"FEB 06, 1990",LAL @ POR,W,37,8,18.0,0.444,4,8.0,0.5,4,4,1.0,2.0,8.0,10.0,15.0,3.0,0.0,5.0,6.0,24,,0
21989,77142,0028900599,"FEB 04, 1990",LAL vs. NJN,W,29,9,14.0,0.643,2,3.0,0.667,2,2,1.0,0.0,8.0,8.0,13.0,1.0,1.0,4.0,1.0,22,,0
21989,77142,0028900583,"FEB 02, 1990",LAL vs. ATL,W,38,5,15.0,0.333,2,4.0,0.5,7,8,0.875,3.0,6.0,9.0,13.0,0.0,0.0,4.0,2.0,19,,0
21989,77142,0028900564,"JAN 30, 1990",LAL @ LAC,L,25,4,9.0,0.444,1,3.0,0.333,7,8,0.875,1.0,2.0,3.0,7.0,2.0,1.0,4.0,4.0,16,,0
21989,77142,0028900544,"JAN 26, 1990",LAL vs. MIL,W,36,1,9.0,0.111,0,3.0,0.0,12,12,1.0,0.0,3.0,3.0,17.0,0.0,0.0,7.0,0.0,14,,0
21989,77142,0028900529,"JAN 24, 1990",LAL @ IND,W,41,11,15.0,0.733,3,5.0,0.6,7,8,0.875,0.0,5.0,5.0,8.0,2.0,0.0,2.0,2.0,32,,0
21989,77142,0028900517,"JAN 23, 1990",LAL @ NYK,W,29,5,7.0,0.714,1,1.0,1.0,0,0,0.0,1.0,6.0,7.0,13.0,3.0,0.0,0.0,2.0,11,,0
21989,77142,0028900512,"JAN 21, 1990",LAL @ DET,W,45,6,14.0,0.429,1,3.0,0.333,8,8,1.0,1.0,4.0,5.0,16.0,1.0,0.0,4.0,4.0,21,,0
21989,77142,0028900497,"JAN 19, 1990",LAL @ MIL,L,40,8,15.0,0.533,4,7.0,0.571,6,6,1.0,1.0,2.0,3.0,10.0,5.0,1.0,3.0,4.0,26,,0
21989,77142,0028900478,"JAN 17, 1990",LAL vs. SEA,W,38,4,10.0,0.4,0,1.0,0.0,14,16,0.875,1.0,5.0,6.0,9.0,1.0,0.0,3.0,3.0,22,,0
21989,77142,0028900473,"JAN 15, 1990",LAL vs. SAC,W,32,5,7.0,0.714,1,1.0,1.0,6,6,1.0,1.0,2.0,3.0,10.0,1.0,0.0,3.0,0.0,17,,0
21989,77142,0028900450,"JAN 12, 1990",LAL vs. HOU,W,41,8,16.0,0.5,0,2.0,0.0,15,16,0.938,3.0,8.0,11.0,11.0,1.0,0.0,6.0,0.0,31,,0
21989,77142,0028900436,"JAN 10, 1990",LAL vs. ORL,W,27,6,12.0,0.5,0,0.0,0.0,4,4,1.0,2.0,4.0,6.0,13.0,1.0,0.0,3.0,0.0,16,,0
21989,77142,0028900431,"JAN 09, 1990",LAL @ PHX,L,45,6,11.0,0.545,3,5.0,0.6,9,11,0.818,2.0,4.0,6.0,24.0,2.0,2.0,4.0,2.0,24,,0
21989,77142,0028900416,"JAN 07, 1990",LAL vs. MIA,W,26,5,9.0,0.556,0,0.0,0.0,11,11,1.0,0.0,4.0,4.0,9.0,0.0,0.0,2.0,2.0,21,,0
21989,77142,0028900407,"JAN 06, 1990",LAL @ GOS,L,37,2,10.0,0.2,0,2.0,0.0,10,12,0.833,0.0,8.0,8.0,16.0,2.0,1.0,4.0,5.0,14,,0
21989,77142,0028900388,"JAN 03, 1990",LAL vs. DEN,W,37,7,14.0,0.5,0,1.0,0.0,13,14,0.929,0.0,7.0,7.0,7.0,0.0,0.0,4.0,3.0,27,,0
21989,77142,0028900357,"DEC 29, 1989",LAL vs. GOS,W,38,5,13.0,0.385,0,2.0,0.0,7,8,0.875,2.0,2.0,4.0,17.0,2.0,1.0,3.0,1.0,17,,0
21989,77142,0028900334,"DEC 26, 1989",LAL vs. SAC,W,39,10,15.0,0.667,0,1.0,0.0,7,8,0.875,0.0,6.0,6.0,14.0,2.0,0.0,5.0,1.0,27,,0
21989,77142,0028900310,"DEC 20, 1989",LAL @ MIN,W,48,7,14.0,0.5,0,0.0,0.0,12,14,0.857,6.0,4.0,10.0,9.0,2.0,1.0,2.0,3.0,26,,0
21989,77142,0028900292,"DEC 19, 1989",LAL @ CHI,L,42,6,16.0,0.375,1,3.0,0.333,5,6,0.833,6.0,6.0,12.0,10.0,4.0,0.0,3.0,3.0,18,,0
21989,77142,0028900282,"DEC 16, 1989",LAL @ NJN,W,38,11,20.0,0.55,0,2.0,0.0,6,6,1.0,3.0,2.0,5.0,8.0,2.0,1.0,0.0,2.0,28,,0
21989,77142,0028900278,"DEC 15, 1989",LAL @ BOS,W,43,4,12.0,0.333,0,1.0,0.0,8,8,1.0,0.0,6.0,6.0,21.0,6.0,0.0,3.0,0.0,16,,0
21989,77142,0028900258,"DEC 13, 1989",LAL @ MIA,W,32,5,13.0,0.385,1,2.0,0.5,7,9,0.778,4.0,6.0,10.0,8.0,2.0,0.0,4.0,1.0,18,,0
21989,77142,0028900252,"DEC 12, 1989",LAL @ CHH,W,44,11,20.0,0.55,0,1.0,0.0,5,6,0.833,0.0,2.0,2.0,10.0,0.0,0.0,5.0,0.0,27,,0
21989,77142,0028900246,"DEC 10, 1989",LAL @ ORL,L,30,3,16.0,0.188,0,3.0,0.0,8,9,0.889,2.0,5.0,7.0,8.0,4.0,2.0,6.0,3.0,14,,0
21989,77142,0028900244,"DEC 09, 1989",LAL @ WAS,L,40,9,16.0,0.563,0,0.0,0.0,3,3,1.0,1.0,6.0,7.0,14.0,1.0,1.0,1.0,2.0,21,,0
21989,77142,0028900225,"DEC 07, 1989",LAL vs. PHX,W,41,7,15.0,0.467,0,3.0,0.0,4,7,0.571,3.0,8.0,11.0,12.0,1.0,1.0,4.0,2.0,18,,0
21989,77142,0028900207,"DEC 05, 1989",LAL vs. LAC,W,41,11,20.0,0.55,0,4.0,0.0,12,15,0.8,1.0,5.0,6.0,10.0,4.0,1.0,4.0,3.0,34,,0
21989,77142,0028900204,"DEC 03, 1989",LAL vs. NYK,W,38,7,13.0,0.538,1,4.0,0.25,5,5,1.0,1.0,6.0,7.0,11.0,1.0,2.0,5.0,2.0,20,,0
21989,77142,0028900191,"DEC 01, 1989",LAL vs. DET,L,40,10,16.0,0.625,1,4.0,0.25,7,8,0.875,1.0,6.0,7.0,10.0,0.0,0.0,1.0,5.0,28,,0
21989,77142,0028900179,"NOV 30, 1989",LAL @ SAC,W,36,6,15.0,0.4,1,1.0,1.0,1,1,1.0,0.0,2.0,2.0,15.0,2.0,0.0,2.0,0.0,14,,0
21989,77142,0028900164,"NOV 28, 1989",LAL @ HOU,L,39,9,26.0,0.346,1,6.0,0.167,5,6,0.833,7.0,6.0,13.0,9.0,3.0,0.0,8.0,4.0,24,,0
21989,77142,0028900156,"NOV 26, 1989",LAL vs. SAN,W,33,4,10.0,0.4,1,2.0,0.5,15,15,1.0,0.0,3.0,3.0,10.0,5.0,0.0,6.0,1.0,24,,0
21989,77142,0028900153,"NOV 25, 1989",LAL @ UTH,W,40,9,14.0,0.643,2,3.0,0.667,5,5,1.0,1.0,1.0,2.0,11.0,3.0,2.0,2.0,3.0,25,,0
21989,77142,0028900115,"NOV 19, 1989",LAL vs. WAS,W,39,8,18.0,0.444,0,2.0,0.0,9,10,0.9,4.0,6.0,10.0,14.0,1.0,1.0,4.0,0.0,25,,0
21989,77142,0028900098,"NOV 17, 1989",LAL vs. DEN,W,40,6,13.0,0.462,1,3.0,0.333,11,11,1.0,2.0,6.0,8.0,24.0,6.0,1.0,3.0,0.0,24,,0
21989,77142,0028900082,"NOV 15, 1989",LAL vs. IND,W,34,8,25.0,0.32,0,4.0,0.0,3,4,0.75,0.0,6.0,6.0,11.0,0.0,1.0,4.0,2.0,19,,0
21989,77142,0028900066,"NOV 12, 1989",LAL vs. DAL,W,32,9,15.0,0.6,1,2.0,0.5,3,4,0.75,2.0,2.0,4.0,7.0,3.0,0.0,2.0,1.0,22,,0
21989,77142,0028900056,"NOV 10, 1989",LAL vs. CHH,W,39,13,19.0,0.684,2,5.0,0.4,3,3,1.0,0.0,8.0,8.0,9.0,4.0,1.0,9.0,3.0,31,,0
21989,77142,0028900043,"NOV 09, 1989",LAL @ GOS,W,39,7,20.0,0.35,0,4.0,0.0,5,6,0.833,3.0,7.0,10.0,10.0,1.0,0.0,3.0,1.0,19,,0
21989,77142,0028900032,"NOV 07, 1989",LAL vs. PHX,W,3,0,0.0,0.0,0,0.0,0.0,0,0,0.0,0.0,0.0,0.0,1.0,0.0,0.0,0.0,1.0,0,,0
21989,77142,0028900019,"NOV 04, 1989",LAL @ SAN,L,40,8,17.0,0.471,2,6.0,0.333,6,6,1.0,4.0,6.0,10.0,9.0,4.0,0.0,8.0,5.0,24,,0
21989,77142,0028900004,"NOV 03, 1989",LAL @ DAL,W,43,7,14.0,0.5,1,4.0,0.25,5,5,1.0,3.0,6.0,9.0,12.0,1.0,1.0,4.0,4.0,20,,0
21988,77142,0028801023,"APR 23, 1989",LAL vs. SEA,W,40,8,14.0,0.571,4,4.0,1.0,9,9,1.0,2.0,7.0,9.0,21.0,1.0,0.0,2.0,2.0,29,,0
21988,77142,0028801007,"APR 21, 1989",LAL @ POR,W,38,9,19.0,0.474,2,7.0,0.286,3,4,0.75,0.0,7.0,7.0,10.0,2.0,0.0,4.0,2.0,23,,0
21988,77142,0028800997,"APR 20, 1989",LAL vs. SAC,W,41,6,15.0,0.4,1,4.0,0.25,6,6,1.0,0.0,6.0,6.0,16.0,1.0,1.0,4.0,4.0,19,,0
21988,77142,0028800991,"APR 18, 1989",LAL vs. DEN,W,40,6,15.0,0.4,4,8.0,0.5,8,8,1.0,4.0,13.0,17.0,17.0,3.0,1.0,5.0,3.0,24,,0
21988,77142,0028800972,"APR 16, 1989",LAL vs. MIA,W,37,8,14.0,0.571,0,0.0,0.0,8,9,0.889,0.0,7.0,7.0,7.0,2.0,0.0,5.0,4.0,24,,0
21988,77142,0028800970,"APR 15, 1989",LAL @ LAC,L,39,9,21.0,0.429,0,2.0,0.0,8,8,1.0,2.0,0.0,2.0,13.0,1.0,0.0,3.0,3.0,26,,0
21988,77142,0028800951,"APR 12, 1989",LAL @ SAN,W,38,7,15.0,0.467,1,3.0,0.333,9,9,1.0,2.0,8.0,10.0,7.0,1.0,1.0,5.0,2.0,24,,0
21988,77142,0028800936,"APR 10, 1989",LAL vs. LAC,W,31,9,13.0,0.692,0,2.0,0.0,6,6,1.0,2.0,3.0,5.0,13.0,2.0,0.0,8.0,1.0,24,,0
21988,77142,0028800928,"APR 08, 1989",LAL @ GOS,L,41,10,22.0,0.455,0,3.0,0.0,4,4,1.0,3.0,6.0,9.0,12.0,5.0,1.0,7.0,5.0,24,,0
21988,77142,0028800916,"APR 07, 1989",LAL vs. UTH,L,38,9,22.0,0.409,1,3.0,0.333,5,6,0.833,0.0,4.0,4.0,10.0,2.0,0.0,3.0,1.0,24,,0
21988,77142,0028800896,"APR 04, 1989",LAL @ SEA,W,38,7,12.0,0.583,1,3.0,0.333,0,0,0.0,0.0,9.0,9.0,18.0,1.0,0.0,2.0,1.0,15,,0
21988,77142,0028800889,"APR 02, 1989",LAL vs. MIL,W,43,8,18.0,0.444,1,4.0,0.25,9,9,1.0,1.0,3.0,4.0,11.0,3.0,0.0,3.0,2.0,26,,0
21988,77142,0028800881,"APR 01, 1989",LAL @ DEN,L,45,6,16.0,0.375,0,4.0,0.0,8,10,0.8,1.0,16.0,17.0,15.0,2.0,0.0,8.0,3.0,20,,0
21988,77142,0028800865,"MAR 30, 1989",LAL vs. SAN,W,20,1,3.0,0.333,0,0.0,0.0,6,7,0.857,4.0,5.0,9.0,10.0,2.0,0.0,5.0,3.0,8,,0
21988,77142,0028800857,"MAR 28, 1989",LAL @ PHX,L,35,3,4.0,0.75,1,1.0,1.0,3,4,0.75,1.0,2.0,3.0,14.0,0.0,0.0,4.0,2.0,10,,0
21988,77142,0028800843,"MAR 26, 1989",LAL vs. PHX,W,44,11,22.0,0.5,0,5.0,0.0,12,13,0.923,0.0,10.0,10.0,18.0,1.0,0.0,4.0,1.0,34,,0
21988,77142,0028800823,"MAR 23, 1989",LAL @ SAC,W,40,10,19.0,0.526,2,3.0,0.667,3,4,0.75,0.0,10.0,10.0,14.0,0.0,0.0,4.0,2.0,25,,0
21988,77142,0028800814,"MAR 21, 1989",LAL vs. CHI,L,40,7,13.0,0.538,1,2.0,0.5,5,6,0.833,3.0,5.0,8.0,12.0,2.0,0.0,7.0,1.0,20,,0
21988,77142,0028800801,"MAR 19, 1989",LAL vs. ATL,L,41,7,17.0,0.412,1,3.0,0.333,14,16,0.875,4.0,4.0,8.0,13.0,3.0,0.0,6.0,4.0,29,,0
21988,77142,0028800785,"MAR 17, 1989",LAL vs. DAL,W,40,10,18.0,0.556,0,5.0,0.0,11,11,1.0,4.0,8.0,12.0,13.0,2.0,2.0,4.0,0.0,31,,0
21988,77142,0028800760,"MAR 13, 1989",LAL vs. HOU,W,43,4,23.0,0.174,1,4.0,0.25,10,10,1.0,4.0,8.0,12.0,11.0,1.0,1.0,5.0,4.0,19,,0
21988,77142,0028800752,"MAR 12, 1989",LAL @ GOS,W,39,6,13.0,0.462,1,4.0,0.25,10,10,1.0,0.0,6.0,6.0,10.0,2.0,0.0,3.0,3.0,23,,0
21988,77142,0028800740,"MAR 10, 1989",LAL @ CHH,W,28,7,8.0,0.875,0,1.0,0.0,2,3,0.667,1.0,6.0,7.0,14.0,0.0,2.0,5.0,1.0,16,,0
21988,77142,0028800731,"MAR 08, 1989",LAL @ MIA,W,19,4,6.0,0.667,0,1.0,0.0,5,5,1.0,0.0,5.0,5.0,10.0,0.0,1.0,2.0,0.0,13,,0
21988,77142,0028800724,"MAR 07, 1989",LAL @ ATL,W,41,8,14.0,0.571,2,3.0,0.667,3,3,1.0,2.0,7.0,9.0,15.0,2.0,0.0,3.0,2.0,21,,0
21988,77142,0028800714,"MAR 05, 1989",LAL @ HOU,L,41,4,15.0,0.267,1,3.0,0.333,2,5,0.4,2.0,5.0,7.0,15.0,5.0,0.0,3.0,4.0,11,,0
21988,77142,0028800698,"MAR 03, 1989",LAL vs. IND,W,29,8,12.0,0.667,1,3.0,0.333,3,3,1.0,0.0,8.0,8.0,16.0,2.0,0.0,1.0,2.0,20,,0
21988,77142,0028800684,"MAR 01, 1989",LAL vs. GOS,W,32,13,20.0,0.65,4,7.0,0.571,5,5,1.0,6.0,8.0,14.0,8.0,1.0,0.0,1.0,1.0,35,,0
21988,77142,0028800665,"FEB 26, 1989",LAL vs. PHX,W,33,8,18.0,0.444,1,3.0,0.333,8,9,0.889,0.0,6.0,6.0,19.0,0.0,0.0,3.0,0.0,25,,0
21988,77142,0028800651,"FEB 24, 1989",LAL vs. SAC,W,23,2,3.0,0.667,0,0.0,0.0,4,4,1.0,0.0,1.0,1.0,8.0,5.0,0.0,0.0,1.0,8,,0
21988,77142,0028800570,"FEB 08, 1989",LAL vs. GOS,L,30,8,14.0,0.571,1,2.0,0.5,11,11,1.0,3.0,5.0,8.0,12.0,1.0,0.0,3.0,3.0,28,,0
21988,77142,0028800550,"FEB 05, 1989",LAL vs. NJN,W,39,11,16.0,0.688,1,4.0,0.25,4,4,1.0,1.0,4.0,5.0,13.0,1.0,0.0,2.0,2.0,27,,0
21988,77142,0028800535,"FEB 03, 1989",LAL vs. POR,W,33,10,15.0,0.667,2,3.0,0.667,7,8,0.875,2.0,6.0,8.0,8.0,1.0,0.0,4.0,1.0,29,,0
21988,77142,0028800526,"FEB 01, 1989",LAL @ PHX,L,38,5,16.0,0.313,0,1.0,0.0,7,8,0.875,3.0,9.0,12.0,9.0,2.0,0.0,4.0,4.0,17,,0
21988,77142,0028800515,"JAN 31, 1989",LAL @ HOU,W,34,5,13.0,0.385,2,6.0,0.333,5,5,1.0,0.0,11.0,11.0,10.0,1.0,0.0,5.0,2.0,17,,0
21988,77142,0028800510,"JAN 29, 1989",LAL @ DAL,W,40,6,11.0,0.545,3,4.0,0.75,5,6,0.833,0.0,4.0,4.0,9.0,1.0,2.0,3.0,3.0,20,,0
21988,77142,0028800491,"JAN 27, 1989",LAL vs. CHH,W,31,4,14.0,0.286,0,1.0,0.0,4,5,0.8,1.0,9.0,10.0,10.0,2.0,0.0,3.0,0.0,12,,0
21988,77142,0028800479,"JAN 24, 1989",LAL vs. NYK,L,43,10,17.0,0.588,0,4.0,0.0,6,6,1.0,5.0,6.0,11.0,11.0,5.0,1.0,2.0,1.0,26,,0
21988,77142,0028800456,"JAN 20, 1989",LAL vs. DAL,W,36,11,17.0,0.647,2,3.0,0.667,6,6,1.0,3.0,5.0,8.0,11.0,2.0,0.0,3.0,3.0,30,,0
21988,77142,0028800446,"JAN 18, 1989",LAL vs. LAC,W,38,7,15.0,0.467,1,3.0,0.333,4,5,0.8,0.0,6.0,6.0,13.0,1.0,0.0,6.0,1.0,19,,0
21988,77142,0028800428,"JAN 16, 1989",LAL vs. HOU,W,42,6,12.0,0.5,0,3.0,0.0,5,6,0.833,3.0,10.0,13.0,18.0,0.0,0.0,3.0,2.0,17,,0
21988,77142,0028800424,"JAN 15, 1989",LAL @ LAC,W,40,8,13.0,0.615,1,2.0,0.5,5,5,1.0,1.0,8.0,9.0,12.0,3.0,0.0,6.0,2.0,22,,0
21988,77142,0028800412,"JAN 13, 1989",LAL vs. CLE,W,36,8,14.0,0.571,2,3.0,0.667,8,9,0.889,1.0,4.0,5.0,11.0,0.0,1.0,4.0,2.0,26,,0
21988,77142,0028800388,"JAN 10, 1989",LAL @ SAC,L,40,9,17.0,0.529,0,1.0,0.0,4,4,1.0,2.0,6.0,8.0,12.0,1.0,0.0,6.0,1.0,22,,0
21988,77142,0028800382,"JAN 08, 1989",LAL vs. SAN,W,37,5,9.0,0.556,1,1.0,1.0,5,9,0.556,2.0,6.0,8.0,17.0,0.0,0.0,5.0,4.0,16,,0
21988,77142,0028800367,"JAN 06, 1989",LAL vs. MIA,W,29,7,13.0,0.538,0,0.0,0.0,11,11,1.0,1.0,4.0,5.0,11.0,2.0,1.0,1.0,0.0,25,,0
21988,77142,0028800355,"JAN 04, 1989",LAL vs. POR,W,37,4,9.0,0.444,1,2.0,0.5,9,9,1.0,0.0,3.0,3.0,15.0,3.0,0.0,4.0,2.0,18,,0
21988,77142,0028800342,"JAN 03, 1989",LAL @ SEA,L,41,4,12.0,0.333,0,2.0,0.0,5,6,0.833,1.0,6.0,7.0,9.0,3.0,0.0,5.0,3.0,13,,0
21988,77142,0028800333,"DEC 30, 1988",LAL vs. LAC,W,39,10,24.0,0.417,0,4.0,0.0,14,14,1.0,2.0,6.0,8.0,14.0,4.0,0.0,3.0,1.0,34,,0
21988,77142,0028800322,"DEC 28, 1988",LAL vs. PHL,W,39,9,15.0,0.6,0,1.0,0.0,8,10,0.8,3.0,7.0,10.0,18.0,2.0,0.0,5.0,4.0,26,,0
21988,77142,0028800309,"DEC 26, 1988",LAL @ PHX,L,40,8,14.0,0.571,1,2.0,0.5,5,6,0.833,1.0,6.0,7.0,8.0,1.0,0.0,5.0,3.0,22,,0
21988,77142,0028800307,"DEC 25, 1988",LAL @ UTH,L,40,4,13.0,0.308,1,1.0,1.0,9,9,1.0,1.0,4.0,5.0,10.0,3.0,0.0,3.0,2.0,18,,0
21988,77142,0028800299,"DEC 23, 1988",LAL vs. SAC,W,33,9,15.0,0.6,1,2.0,0.5,8,8,1.0,1.0,2.0,3.0,15.0,2.0,0.0,2.0,1.0,27,,0
21988,77142,0028800277,"DEC 20, 1988",LAL @ CHI,L,41,11,18.0,0.611,0,2.0,0.0,9,9,1.0,0.0,4.0,4.0,12.0,3.0,0.0,2.0,3.0,31,,0
21988,77142,0028800276,"DEC 18, 1988",LAL @ WAS,L,37,4,7.0,0.571,0,0.0,0.0,5,6,0.833,0.0,6.0,6.0,8.0,0.0,1.0,4.0,3.0,13,,0
21988,77142,0028800259,"DEC 16, 1988",LAL @ BOS,L,36,11,23.0,0.478,0,2.0,0.0,9,10,0.9,1.0,2.0,3.0,7.0,0.0,0.0,2.0,4.0,31,,0
21988,77142,0028800245,"DEC 14, 1988",LAL @ NJN,L,45,13,20.0,0.65,0,1.0,0.0,9,11,0.818,0.0,9.0,9.0,9.0,3.0,0.0,3.0,1.0,35,,0
21988,77142,0028800239,"DEC 13, 1988",LAL @ CLE,W,42,11,19.0,0.579,2,4.0,0.5,7,10,0.7,1.0,11.0,12.0,13.0,1.0,1.0,3.0,4.0,31,,0
21988,77142,0028800231,"DEC 11, 1988",LAL @ MIL,L,41,4,9.0,0.444,0,3.0,0.0,3,3,1.0,1.0,4.0,5.0,12.0,2.0,0.0,5.0,1.0,11,,0
21988,77142,0028800222,"DEC 10, 1988",LAL @ IND,W,41,9,25.0,0.36,0,0.0,0.0,14,14,1.0,1.0,10.0,11.0,13.0,0.0,0.0,7.0,5.0,32,,0
21988,77142,0028800201,"DEC 07, 1988",LAL vs. PHX,W,32,6,9.0,0.667,1,2.0,0.5,6,7,0.857,1.0,11.0,12.0,18.0,0.0,1.0,4.0,3.0,19,,0
21988,77142,0028800194,"DEC 06, 1988",LAL @ LAC,W,41,7,16.0,0.438,0,3.0,0.0,11,11,1.0,2.0,6.0,8.0,21.0,2.0,0.0,4.0,2.0,25,,0
21988,77142,0028800188,"DEC 04, 1988",LAL vs. WAS,W,46,11,16.0,0.688,1,1.0,1.0,6,6,1.0,1.0,7.0,8.0,17.0,4.0,0.0,4.0,1.0,29,,0
21988,77142,0028800178,"DEC 02, 1988",LAL vs. UTH,W,38,8,12.0,0.667,0,3.0,0.0,1,1,1.0,4.0,8.0,12.0,15.0,3.0,0.0,3.0,2.0,17,,0
21988,77142,0028800165,"NOV 30, 1988",LAL vs. SEA,W,38,13,21.0,0.619,1,1.0,1.0,13,14,0.929,2.0,7.0,9.0,10.0,2.0,1.0,3.0,2.0,40,,0
21988,77142,0028800148,"NOV 28, 1988",LAL @ PHL,W,42,12,23.0,0.522,1,1.0,1.0,7,10,0.7,1.0,10.0,11.0,20.0,2.0,0.0,7.0,1.0,32,,0
21988,77142,0028800135,"NOV 26, 1988",LAL @ DET,L,32,8,18.0,0.444,0,3.0,0.0,3,3,1.0,4.0,5.0,9.0,8.0,0.0,0.0,9.0,2.0,19,,0
21988,77142,0028800118,"NOV 23, 1988",LAL @ MIA,W,26,2,4.0,0.5,0,0.0,0.0,7,8,0.875,0.0,4.0,4.0,17.0,0.0,0.0,4.0,0.0,11,,0
21988,77142,0028800112,"NOV 22, 1988",LAL @ NYK,W,42,9,18.0,0.5,0,1.0,0.0,7,7,1.0,1.0,11.0,12.0,13.0,6.0,0.0,5.0,2.0,25,,0
21988,77142,0028800091,"NOV 18, 1988",LAL vs. POR,W,40,8,17.0,0.471,0,3.0,0.0,10,10,1.0,1.0,5.0,6.0,9.0,4.0,1.0,4.0,2.0,26,,0
21988,77142,0028800086,"NOV 17, 1988",LAL @ SEA,L,41,6,14.0,0.429,0,2.0,0.0,16,17,0.941,1.0,9.0,10.0,6.0,1.0,0.0,4.0,4.0,28,,0
21988,77142,0028800074,"NOV 15, 1988",LAL @ DEN,W,41,8,14.0,0.571,1,2.0,0.5,4,4,1.0,0.0,5.0,5.0,13.0,3.0,1.0,9.0,3.0,21,,0
21988,77142,0028800050,"NOV 11, 1988",LAL vs. SEA,W,37,5,9.0,0.556,0,0.0,0.0,1,1,1.0,1.0,8.0,9.0,16.0,2.0,1.0,3.0,2.0,11,,0
21988,77142,0028800036,"NOV 09, 1988",LAL vs. DEN,W,38,7,12.0,0.583,0,0.0,0.0,4,6,0.667,0.0,6.0,6.0,19.0,0.0,0.0,4.0,3.0,18,,0
21988,77142,0028800029,"NOV 08, 1988",LAL @ GOS,W,38,10,16.0,0.625,0,1.0,0.0,2,2,1.0,2.0,5.0,7.0,18.0,2.0,0.0,4.0,3.0,22,,0
21988,77142,0028800017,"NOV 05, 1988",LAL @ SAN,L,42,6,15.0,0.4,0,2.0,0.0,9,10,0.9,1.0,7.0,8.0,14.0,1.0,0.0,4.0,3.0,21,,0
21988,77142,0028800002,"NOV 04, 1988",LAL @ DAL,W,37,7,10.0,0.7,1,1.0,1.0,6,7,0.857,0.0,6.0,6.0,14.0,2.0,0.0,5.0,5.0,21,,0
21987,77142,0028700939,"APR 24, 1988",LAL vs. GOS,W,11,1,3.0,0.333,0,0.0,0.0,0,0,0.0,0.0,1.0,1.0,7.0,0.0,0.0,1.0,1.0,2,,0
21987,77142,0028700927,"APR 22, 1988",LAL @ PHX,W,39,6,17.0,0.353,0,0.0,0.0,6,7,0.857,1.0,3.0,4.0,17.0,0.0,0.0,6.0,1.0,18,,0
21987,77142,0028700913,"APR 20, 1988",LAL @ DAL,W,42,1,7.0,0.143,0,0.0,0.0,6,8,0.75,2.0,8.0,10.0,23.0,0.0,1.0,8.0,2.0,8,,0
21987,77142,0028700911,"APR 19, 1988",LAL @ SAN,W,40,9,11.0,0.818,2,3.0,0.667,4,5,0.8,0.0,2.0,2.0,9.0,0.0,0.0,6.0,2.0,24,,0
21987,77142,0028700899,"APR 17, 1988",LAL @ HOU,L,41,7,14.0,0.5,0,0.0,0.0,5,6,0.833,3.0,7.0,10.0,12.0,1.0,0.0,5.0,4.0,19,,0
21987,77142,0028700880,"APR 15, 1988",LAL vs. PHX,W,42,11,20.0,0.55,0,0.0,0.0,9,12,0.75,1.0,6.0,7.0,15.0,2.0,0.0,2.0,2.0,31,,0
21987,77142,0028700873,"APR 13, 1988",LAL @ DEN,L,35,5,12.0,0.417,0,0.0,0.0,4,7,0.571,2.0,9.0,11.0,10.0,0.0,0.0,5.0,2.0,14,,0
21987,77142,0028700868,"APR 12, 1988",LAL vs. POR,W,40,8,20.0,0.4,0,1.0,0.0,7,8,0.875,0.0,11.0,11.0,13.0,4.0,1.0,1.0,1.0,23,,0
21987,77142,0028700852,"APR 09, 1988",LAL @ POR,L,36,4,15.0,0.267,0,2.0,0.0,1,1,1.0,0.0,1.0,1.0,12.0,0.0,0.0,2.0,2.0,9,,0
21987,77142,0028700838,"APR 08, 1988",LAL vs. LAC,W,24,6,12.0,0.5,0,0.0,0.0,4,4,1.0,0.0,3.0,3.0,9.0,0.0,0.0,3.0,1.0,16,,0
21987,77142,0028700767,"MAR 25, 1988",LAL vs. DEN,L,18,0,4.0,0.0,0,2.0,0.0,2,2,1.0,1.0,1.0,2.0,9.0,1.0,0.0,3.0,4.0,2,,0
21987,77142,0028700749,"MAR 22, 1988",LAL vs. HOU,W,24,3,6.0,0.5,0,0.0,0.0,4,4,1.0,0.0,5.0,5.0,12.0,1.0,0.0,4.0,1.0,10,,0
21987,77142,0028700677,"MAR 10, 1988",LAL @ CHI,L,10,2,5.0,0.4,0,1.0,0.0,3,3,1.0,0.0,2.0,2.0,4.0,0.0,0.0,1.0,0.0,7,,0
21987,77142,0028700672,"MAR 09, 1988",LAL @ NYK,W,41,6,17.0,0.353,0,1.0,0.0,14,14,1.0,4.0,10.0,14.0,9.0,1.0,0.0,4.0,1.0,26,,0
21987,77142,0028700663,"MAR 07, 1988",LAL @ PHL,W,40,7,11.0,0.636,0,1.0,0.0,10,11,0.909,3.0,8.0,11.0,17.0,3.0,0.0,2.0,1.0,24,,0
21987,77142,0028700659,"MAR 06, 1988",LAL @ DAL,W,39,5,11.0,0.455,0,0.0,0.0,4,4,1.0,2.0,8.0,10.0,16.0,1.0,0.0,3.0,1.0,14,,0
21987,77142,0028700641,"MAR 04, 1988",LAL vs. GOS,W,18,1,5.0,0.2,0,0.0,0.0,6,6,1.0,1.0,3.0,4.0,10.0,0.0,0.0,2.0,2.0,8,,0
21987,77142,0028700627,"MAR 01, 1988",LAL @ SEA,L,43,4,12.0,0.333,1,3.0,0.333,7,7,1.0,0.0,5.0,5.0,13.0,0.0,0.0,7.0,1.0,16,,0
21987,77142,0028700616,"FEB 28, 1988",LAL vs. PHX,W,32,9,13.0,0.692,0,1.0,0.0,5,5,1.0,1.0,3.0,4.0,15.0,0.0,0.0,7.0,0.0,23,,0
21987,77142,0028700608,"FEB 26, 1988",LAL vs. UTH,W,41,6,14.0,0.429,0,1.0,0.0,15,17,0.882,0.0,8.0,8.0,17.0,0.0,0.0,5.0,2.0,27,,0
21987,77142,0028700589,"FEB 23, 1988",LAL vs. WAS,W,37,7,14.0,0.5,0,1.0,0.0,3,3,1.0,0.0,5.0,5.0,12.0,3.0,0.0,3.0,1.0,17,,0
21987,77142,0028700575,"FEB 21, 1988",LAL vs. DET,W,40,5,17.0,0.294,0,1.0,0.0,9,10,0.9,1.0,6.0,7.0,13.0,2.0,0.0,2.0,3.0,19,,0
21987,77142,0028700567,"FEB 19, 1988",LAL @ ATL,W,49,9,18.0,0.5,1,1.0,1.0,10,13,0.769,0.0,11.0,11.0,19.0,1.0,0.0,5.0,0.0,29,,0
21987,77142,0028700560,"FEB 18, 1988",LAL @ HOU,W,38,10,17.0,0.588,1,2.0,0.5,5,6,0.833,0.0,5.0,5.0,7.0,1.0,0.0,2.0,2.0,26,,0
21987,77142,0028700548,"FEB 16, 1988",LAL vs. LAC,W,35,3,8.0,0.375,0,0.0,0.0,7,8,0.875,2.0,1.0,3.0,12.0,5.0,0.0,3.0,1.0,13,,0
21987,77142,0028700536,"FEB 14, 1988",LAL vs. BOS,W,42,9,19.0,0.474,0,1.0,0.0,4,7,0.571,2.0,3.0,5.0,14.0,3.0,0.0,3.0,1.0,22,,0
21987,77142,0028700526,"FEB 12, 1988",LAL @ SAN,W,39,6,14.0,0.429,0,0.0,0.0,10,10,1.0,1.0,8.0,9.0,13.0,2.0,0.0,5.0,4.0,22,,0
21987,77142,0028700518,"FEB 11, 1988",LAL @ DEN,W,39,12,16.0,0.75,0,0.0,0.0,2,3,0.667,1.0,1.0,2.0,8.0,2.0,0.0,3.0,3.0,26,,0
21987,77142,0028700504,"FEB 09, 1988",LAL vs. IND,L,43,7,13.0,0.538,0,1.0,0.0,5,6,0.833,0.0,3.0,3.0,11.0,2.0,0.0,3.0,3.0,19,,0
21987,77142,0028700492,"FEB 04, 1988",LAL @ LAC,W,30,8,14.0,0.571,0,1.0,0.0,2,2,1.0,4.0,6.0,10.0,11.0,1.0,0.0,4.0,3.0,18,,0
21987,77142,0028700480,"FEB 02, 1988",LAL vs. CHI,W,43,11,17.0,0.647,0,0.0,0.0,3,5,0.6,0.0,2.0,2.0,11.0,0.0,0.0,3.0,0.0,25,,0
21987,77142,0028700454,"JAN 29, 1988",LAL vs. ATL,W,33,6,10.0,0.6,0,0.0,0.0,4,4,1.0,0.0,4.0,4.0,13.0,1.0,0.0,5.0,4.0,16,,0
21987,77142,0028700451,"JAN 28, 1988",LAL @ SAC,W,32,6,10.0,0.6,0,0.0,0.0,6,6,1.0,0.0,4.0,4.0,9.0,1.0,0.0,3.0,2.0,18,,0
21987,77142,0028700438,"JAN 26, 1988",LAL vs. UTH,W,31,6,10.0,0.6,0,2.0,0.0,10,10,1.0,2.0,6.0,8.0,11.0,3.0,0.0,2.0,1.0,22,,0
21987,77142,0028700429,"JAN 24, 1988",LAL @ SEA,W,42,9,19.0,0.474,0,1.0,0.0,16,19,0.842,1.0,9.0,10.0,6.0,2.0,0.0,6.0,1.0,34,,0
21987,77142,0028700417,"JAN 22, 1988",LAL vs. NYK,W,43,4,9.0,0.444,0,0.0,0.0,11,12,0.917,0.0,3.0,3.0,8.0,4.0,0.0,4.0,0.0,19,,0
21987,77142,0028700413,"JAN 21, 1988",LAL @ DEN,L,42,6,15.0,0.4,0,0.0,0.0,6,6,1.0,0.0,10.0,10.0,14.0,1.0,1.0,5.0,3.0,18,,0
21987,77142,0028700397,"JAN 18, 1988",LAL vs. HOU,W,38,15,20.0,0.75,0,0.0,0.0,9,10,0.9,0.0,5.0,5.0,17.0,2.0,0.0,5.0,2.0,39,,0
21987,77142,0028700387,"JAN 16, 1988",LAL @ PHX,W,33,7,14.0,0.5,0,0.0,0.0,4,4,1.0,3.0,4.0,7.0,9.0,0.0,0.0,0.0,1.0,18,,0
21987,77142,0028700369,"JAN 13, 1988",LAL @ LAC,L,46,8,21.0,0.381,1,2.0,0.5,10,13,0.769,5.0,6.0,11.0,13.0,2.0,0.0,6.0,0.0,27,,0
21987,77142,0028700359,"JAN 12, 1988",LAL vs. GOS,W,42,7,17.0,0.412,0,0.0,0.0,6,8,0.75,4.0,8.0,12.0,14.0,3.0,0.0,4.0,2.0,20,,0
21987,77142,0028700351,"JAN 09, 1988",LAL @ IND,W,39,6,13.0,0.462,0,2.0,0.0,9,10,0.9,1.0,2.0,3.0,13.0,0.0,0.0,3.0,2.0,21,,0
21987,77142,0028700342,"JAN 08, 1988",LAL @ DET,W,40,9,17.0,0.529,0,1.0,0.0,3,3,1.0,2.0,3.0,5.0,9.0,1.0,0.0,6.0,2.0,21,,0
21987,77142,0028700331,"JAN 06, 1988",LAL vs. DAL,W,41,4,10.0,0.4,0,2.0,0.0,3,4,0.75,3.0,1.0,4.0,15.0,2.0,0.0,4.0,1.0,11,,0
21987,77142,0028700316,"JAN 04, 1988",LAL vs. SAN,W,30,5,7.0,0.714,0,0.0,0.0,4,4,1.0,0.0,8.0,8.0,13.0,4.0,0.0,3.0,2.0,14,,0
21987,77142,0028700314,"JAN 03, 1988",LAL @ POR,W,31,4,12.0,0.333,1,2.0,0.5,2,2,1.0,0.0,4.0,4.0,9.0,0.0,0.0,3.0,2.0,11,,0
21987,77142,0028700289,"DEC 29, 1987",LAL vs. PHL,W,32,9,17.0,0.529,0,0.0,0.0,8,9,0.889,2.0,4.0,6.0,17.0,2.0,0.0,1.0,2.0,26,,0
21987,77142,0028700279,"DEC 26, 1987",LAL @ UTH,W,41,10,25.0,0.4,1,2.0,0.5,4,5,0.8,1.0,3.0,4.0,14.0,2.0,0.0,2.0,2.0,25,,0
21987,77142,0028700267,"DEC 23, 1987",LAL vs. SAC,W,29,13,18.0,0.722,0,0.0,0.0,0,0,0.0,3.0,4.0,7.0,8.0,1.0,2.0,2.0,2.0,26,,0
21987,77142,0028700247,"DEC 20, 1987",LAL vs. SEA,W,38,4,8.0,0.5,0,1.0,0.0,8,9,0.889,2.0,6.0,8.0,12.0,2.0,0.0,3.0,3.0,16,,0
21987,77142,0028700240,"DEC 19, 1987",LAL @ LAC,W,41,12,21.0,0.571,0,0.0,0.0,4,6,0.667,1.0,6.0,7.0,7.0,2.0,0.0,3.0,2.0,28,,0
21987,77142,0028700232,"DEC 17, 1987",LAL @ GOS,W,39,10,16.0,0.625,0,0.0,0.0,11,16,0.688,1.0,7.0,8.0,17.0,5.0,0.0,4.0,3.0,31,,0
21987,77142,0028700222,"DEC 15, 1987",LAL vs. PHX,W,30,3,9.0,0.333,0,1.0,0.0,1,2,0.5,0.0,2.0,2.0,9.0,3.0,0.0,2.0,1.0,7,,0
21987,77142,0028700212,"DEC 13, 1987",LAL vs. CLE,W,40,8,13.0,0.615,0,2.0,0.0,0,2,0.0,1.0,4.0,5.0,8.0,0.0,0.0,5.0,5.0,16,,0
21987,77142,0028700202,"DEC 11, 1987",LAL @ BOS,W,44,6,11.0,0.545,1,1.0,1.0,5,6,0.833,1.0,7.0,8.0,17.0,2.0,0.0,4.0,3.0,18,,0
21987,77142,0028700187,"DEC 09, 1987",LAL @ WAS,L,44,10,17.0,0.588,0,0.0,0.0,10,12,0.833,0.0,4.0,4.0,14.0,4.0,0.0,6.0,4.0,30,,0
21987,77142,0028700182,"DEC 08, 1987",LAL @ NJN,W,42,4,11.0,0.364,0,2.0,0.0,5,6,0.833,3.0,10.0,13.0,14.0,2.0,1.0,3.0,3.0,13,,0
21987,77142,0028700172,"DEC 05, 1987",LAL @ CLE,L,42,6,16.0,0.375,0,0.0,0.0,7,8,0.875,3.0,6.0,9.0,9.0,5.0,0.0,4.0,0.0,19,,0
21987,77142,0028700165,"DEC 04, 1987",LAL @ MIL,L,41,9,14.0,0.643,0,0.0,0.0,4,4,1.0,1.0,9.0,10.0,12.0,2.0,0.0,5.0,4.0,22,,0
21987,77142,0028700156,"DEC 02, 1987",LAL vs. POR,L,35,6,13.0,0.462,0,1.0,0.0,4,6,0.667,0.0,6.0,6.0,9.0,0.0,1.0,3.0,4.0,16,,0
21987,77142,0028700141,"DEC 01, 1987",LAL @ SAC,W,43,10,23.0,0.435,1,1.0,1.0,5,6,0.833,0.0,6.0,6.0,10.0,3.0,0.0,3.0,5.0,26,,0
21987,77142,0028700123,"NOV 27, 1987",LAL vs. DEN,W,40,6,13.0,0.462,0,0.0,0.0,6,7,0.857,0.0,1.0,1.0,16.0,1.0,2.0,3.0,3.0,18,,0
21987,77142,0028700107,"NOV 24, 1987",LAL @ SEA,L,38,9,17.0,0.529,0,2.0,0.0,5,5,1.0,0.0,3.0,3.0,6.0,1.0,0.0,3.0,5.0,23,,0
21987,77142,0028700103,"NOV 22, 1987",LAL vs. MIL,L,44,9,16.0,0.563,0,1.0,0.0,8,11,0.727,3.0,5.0,8.0,11.0,0.0,0.0,6.0,5.0,26,,0
21987,77142,0028700091,"NOV 20, 1987",LAL vs. DAL,W,37,7,15.0,0.467,0,0.0,0.0,6,8,0.75,2.0,3.0,5.0,15.0,1.0,0.0,3.0,2.0,20,,0
21987,77142,0028700072,"NOV 17, 1987",LAL vs. POR,W,30,2,9.0,0.222,0,1.0,0.0,5,6,0.833,2.0,5.0,7.0,14.0,4.0,0.0,3.0,2.0,9,,0
21987,77142,0028700063,"NOV 15, 1987",LAL vs. SAN,W,31,11,19.0,0.579,0,0.0,0.0,3,4,0.75,1.0,4.0,5.0,10.0,2.0,1.0,3.0,1.0,25,,0
21987,77142,0028700057,"NOV 14, 1987",LAL @ GOS,W,39,8,15.0,0.533,0,1.0,0.0,7,8,0.875,0.0,4.0,4.0,12.0,1.0,0.0,2.0,1.0,23,,0
21987,77142,0028700041,"NOV 12, 1987",LAL vs. LAC,W,30,2,5.0,0.4,0,1.0,0.0,5,5,1.0,1.0,5.0,6.0,11.0,1.0,0.0,5.0,0.0,9,,0
21987,77142,0028700030,"NOV 10, 1987",LAL @ SAN,W,38,9,19.0,0.474,0,1.0,0.0,3,3,1.0,2.0,4.0,6.0,13.0,0.0,2.0,7.0,3.0,21,,0
21987,77142,0028700022,"NOV 08, 1987",LAL vs. HOU,W,37,9,18.0,0.5,1,2.0,0.5,4,5,0.8,3.0,7.0,10.0,12.0,1.0,0.0,7.0,1.0,23,,0
21987,77142,0028700004,"NOV 06, 1987",LAL vs. SEA,W,38,8,18.0,0.444,0,0.0,0.0,10,11,0.909,2.0,4.0,6.0,8.0,5.0,1.0,5.0,4.0,26,,0
21986,77142,0028600940,"APR 19, 1987",LAL vs. SEA,L,34,7,27.0,0.259,0,3.0,0.0,8,11,0.727,2.0,6.0,8.0,7.0,3.0,0.0,3.0,2.0,22,,0
21986,77142,0028600926,"APR 17, 1987",LAL @ SAN,L,22,7,13.0,0.538,0,1.0,0.0,3,3,1.0,2.0,2.0,4.0,6.0,1.0,1.0,0.0,1.0,17,,0
21986,77142,0028600922,"APR 16, 1987",LAL @ UTH,W,38,12,20.0,0.6,0,0.0,0.0,7,8,0.875,0.0,6.0,6.0,8.0,3.0,0.0,4.0,2.0,31,,0
21986,77142,0028600902,"APR 12, 1987",LAL vs. PHX,W,35,5,10.0,0.5,0,0.0,0.0,9,12,0.75,0.0,3.0,3.0,19.0,4.0,2.0,2.0,1.0,19,,0
21986,77142,0028600890,"APR 10, 1987",LAL vs. SAN,W,37,6,13.0,0.462,0,1.0,0.0,6,7,0.857,0.0,12.0,12.0,13.0,3.0,0.0,5.0,5.0,18,,0
21986,77142,0028600882,"APR 09, 1987",LAL @ LAC,W,31,8,16.0,0.5,0,0.0,0.0,12,13,0.923,3.0,3.0,6.0,11.0,4.0,1.0,2.0,3.0,28,,0
21986,77142,0028600863,"APR 06, 1987",LAL vs. LAC,W,28,6,8.0,0.75,0,0.0,0.0,3,3,1.0,1.0,5.0,6.0,16.0,2.0,0.0,3.0,0.0,15,,0
21986,77142,0028600858,"APR 05, 1987",LAL @ DEN,W,42,11,24.0,0.458,1,2.0,0.5,0,0,0.0,4.0,7.0,11.0,10.0,1.0,0.0,2.0,3.0,23,,0
21986,77142,0028600844,"APR 03, 1987",LAL @ POR,W,40,14,24.0,0.583,0,0.0,0.0,7,9,0.778,2.0,8.0,10.0,11.0,1.0,0.0,4.0,4.0,35,,0
21986,77142,0028600840,"APR 02, 1987",LAL @ SEA,W,40,13,24.0,0.542,0,1.0,0.0,8,9,0.889,1.0,9.0,10.0,13.0,2.0,0.0,1.0,3.0,34,,0
21986,77142,0028600824,"MAR 31, 1987",LAL vs. HOU,W,38,8,14.0,0.571,0,1.0,0.0,5,7,0.714,5.0,5.0,10.0,13.0,2.0,0.0,6.0,3.0,21,,0
21986,77142,0028600813,"MAR 28, 1987",LAL @ HOU,W,36,13,16.0,0.813,0,0.0,0.0,5,7,0.714,0.0,7.0,7.0,13.0,3.0,0.0,5.0,2.0,31,,0
21986,77142,0028600799,"MAR 26, 1987",LAL vs. DET,W,38,7,11.0,0.636,0,1.0,0.0,7,8,0.875,3.0,4.0,7.0,15.0,3.0,2.0,5.0,3.0,21,,0
21986,77142,0028600784,"MAR 24, 1987",LAL @ PHX,L,4,0,1.0,0.0,0,0.0,0.0,2,2,1.0,0.0,0.0,0.0,1.0,0.0,0.0,1.0,0.0,2,,0
21986,77142,0028600775,"MAR 22, 1987",LAL vs. SAC,W,40,12,21.0,0.571,1,1.0,1.0,8,10,0.8,2.0,10.0,12.0,19.0,3.0,1.0,5.0,3.0,33,,0
21986,77142,0028600760,"MAR 20, 1987",LAL vs. SAN,W,30,8,12.0,0.667,0,0.0,0.0,4,6,0.667,1.0,5.0,6.0,11.0,1.0,2.0,3.0,0.0,20,,0
21986,77142,0028600753,"MAR 18, 1987",LAL vs. UTH,W,38,6,15.0,0.4,0,1.0,0.0,15,16,0.938,3.0,8.0,11.0,19.0,2.0,0.0,4.0,1.0,27,,0
21986,77142,0028600736,"MAR 15, 1987",LAL vs. LAC,W,28,8,13.0,0.615,0,0.0,0.0,4,6,0.667,0.0,6.0,6.0,10.0,1.0,0.0,0.0,1.0,20,,0
21986,77142,0028600715,"MAR 12, 1987",LAL vs. POR,W,41,12,21.0,0.571,0,1.0,0.0,1,2,0.5,1.0,4.0,5.0,16.0,1.0,1.0,6.0,1.0,25,,0
21986,77142,0028600707,"MAR 10, 1987",LAL vs. DEN,W,28,4,8.0,0.5,0,0.0,0.0,3,3,1.0,1.0,4.0,5.0,20.0,3.0,0.0,4.0,2.0,11,,0
21986,77142,0028600700,"MAR 09, 1987",LAL @ LAC,W,26,6,10.0,0.6,1,2.0,0.5,2,2,1.0,2.0,0.0,2.0,15.0,2.0,0.0,3.0,2.0,15,,0
21986,77142,0028600687,"MAR 07, 1987",LAL vs. CLE,W,38,10,17.0,0.588,0,0.0,0.0,6,8,0.75,5.0,3.0,8.0,17.0,2.0,0.0,7.0,3.0,26,,0
21986,77142,0028600671,"MAR 04, 1987",LAL vs. SEA,W,41,12,19.0,0.632,1,1.0,1.0,6,7,0.857,2.0,7.0,9.0,19.0,2.0,2.0,2.0,1.0,31,,0
21986,77142,0028600666,"MAR 03, 1987",LAL @ GOS,W,41,6,12.0,0.5,0,0.0,0.0,9,10,0.9,1.0,6.0,7.0,17.0,0.0,0.0,6.0,4.0,21,,0
21986,77142,0028600645,"FEB 28, 1987",LAL @ UTH,L,41,7,14.0,0.5,0,1.0,0.0,10,11,0.909,3.0,3.0,6.0,14.0,2.0,1.0,4.0,4.0,24,,0
21986,77142,0028600644,"FEB 27, 1987",LAL vs. GOS,W,39,8,16.0,0.5,0,0.0,0.0,5,5,1.0,1.0,9.0,10.0,15.0,1.0,0.0,5.0,0.0,21,,0
21986,77142,0028600612,"FEB 22, 1987",LAL @ PHL,W,44,7,10.0,0.7,0,0.0,0.0,2,4,0.5,1.0,8.0,9.0,18.0,3.0,0.0,4.0,3.0,16,,0
21986,77142,0028600600,"FEB 20, 1987",LAL @ CHI,W,44,12,20.0,0.6,0,2.0,0.0,4,5,0.8,1.0,5.0,6.0,16.0,0.0,0.0,5.0,1.0,28,,0
21986,77142,0028600592,"FEB 18, 1987",LAL @ DEN,W,41,13,20.0,0.65,0,1.0,0.0,11,12,0.917,0.0,9.0,9.0,16.0,0.0,2.0,6.0,0.0,37,,0
21986,77142,0028600586,"FEB 17, 1987",LAL vs. WAS,L,43,7,18.0,0.389,0,0.0,0.0,6,7,0.857,4.0,3.0,7.0,10.0,1.0,0.0,4.0,2.0,20,,0
21986,77142,0028600573,"FEB 15, 1987",LAL vs. BOS,W,45,12,20.0,0.6,1,1.0,1.0,14,15,0.933,3.0,4.0,7.0,10.0,2.0,0.0,4.0,4.0,39,,0
21986,77142,0028600564,"FEB 13, 1987",LAL vs. IND,W,41,14,24.0,0.583,0,0.0,0.0,12,14,0.857,3.0,3.0,6.0,7.0,1.0,1.0,4.0,2.0,40,,0
21986,77142,0028600548,"FEB 10, 1987",LAL @ SAC,W,38,7,15.0,0.467,1,1.0,1.0,1,2,0.5,1.0,5.0,6.0,13.0,1.0,0.0,7.0,3.0,16,,0
21986,77142,0028600535,"FEB 05, 1987",LAL @ POR,L,41,7,13.0,0.538,0,0.0,0.0,12,15,0.8,1.0,4.0,5.0,10.0,2.0,0.0,4.0,2.0,26,,0
21986,77142,0028600529,"FEB 04, 1987",LAL vs. SAC,W,28,3,6.0,0.5,0,0.0,0.0,4,4,1.0,2.0,3.0,5.0,17.0,0.0,1.0,3.0,0.0,10,,0
21986,77142,0028600516,"FEB 02, 1987",LAL vs. DAL,L,39,8,15.0,0.533,0,0.0,0.0,2,4,0.5,2.0,1.0,3.0,8.0,1.0,0.0,4.0,4.0,18,,0
21986,77142,0028600501,"JAN 30, 1987",LAL @ PHX,W,36,5,10.0,0.5,0,0.0,0.0,5,6,0.833,0.0,3.0,3.0,19.0,5.0,0.0,2.0,2.0,15,,0
21986,77142,0028600486,"JAN 28, 1987",LAL @ SEA,L,40,9,16.0,0.563,0,0.0,0.0,6,9,0.667,1.0,2.0,3.0,11.0,1.0,1.0,6.0,1.0,24,,0
21986,77142,0028600480,"JAN 27, 1987",LAL vs. POR,W,39,7,14.0,0.5,0,0.0,0.0,6,8,0.75,2.0,3.0,5.0,11.0,0.0,0.0,6.0,1.0,20,,0
21986,77142,0028600461,"JAN 24, 1987",LAL @ DAL,L,40,8,18.0,0.444,0,1.0,0.0,9,10,0.9,1.0,6.0,7.0,12.0,1.0,1.0,5.0,2.0,25,,0
21986,77142,0028600452,"JAN 22, 1987",LAL @ IND,W,38,9,17.0,0.529,0,0.0,0.0,11,12,0.917,1.0,9.0,10.0,11.0,1.0,0.0,1.0,2.0,29,,0
21986,77142,0028600444,"JAN 21, 1987",LAL @ ATL,W,40,6,16.0,0.375,0,1.0,0.0,7,11,0.636,0.0,5.0,5.0,9.0,0.0,0.0,7.0,4.0,19,,0
21986,77142,0028600436,"JAN 19, 1987",LAL @ NJN,W,41,13,28.0,0.464,0,2.0,0.0,16,16,1.0,4.0,7.0,11.0,7.0,2.0,1.0,6.0,3.0,42,,0
21986,77142,0028600429,"JAN 18, 1987",LAL @ WAS,W,38,11,22.0,0.5,0,0.0,0.0,4,5,0.8,2.0,4.0,6.0,10.0,1.0,0.0,5.0,2.0,26,,0
21986,77142,0028600413,"JAN 15, 1987",LAL vs. GOS,W,40,7,16.0,0.438,0,0.0,0.0,17,21,0.81,3.0,3.0,6.0,12.0,3.0,2.0,3.0,4.0,31,,0
21986,77142,0028600391,"JAN 11, 1987",LAL vs. SAN,W,40,7,14.0,0.5,0,0.0,0.0,12,13,0.923,0.0,3.0,3.0,9.0,4.0,0.0,7.0,4.0,26,,0
21986,77142,0028600388,"JAN 10, 1987",LAL @ GOS,L,39,12,20.0,0.6,1,1.0,1.0,13,13,1.0,0.0,4.0,4.0,7.0,1.0,0.0,6.0,3.0,38,,0
21986,77142,0028600373,"JAN 08, 1987",LAL @ UTH,L,39,10,28.0,0.357,0,2.0,0.0,5,6,0.833,3.0,1.0,4.0,9.0,1.0,0.0,1.0,5.0,25,,0
21986,77142,0028600365,"JAN 07, 1987",LAL vs. DEN,W,27,9,15.0,0.6,0,0.0,0.0,2,3,0.667,0.0,1.0,1.0,12.0,2.0,0.0,0.0,0.0,20,,0
21986,77142,0028600352,"JAN 04, 1987",LAL vs. UTH,W,36,12,23.0,0.522,0,0.0,0.0,2,2,1.0,5.0,5.0,10.0,11.0,1.0,0.0,4.0,2.0,26,,0
21986,77142,0028600338,"JAN 02, 1987",LAL vs. PHX,W,26,14,19.0,0.737,0,0.0,0.0,4,4,1.0,0.0,1.0,1.0,14.0,2.0,0.0,2.0,1.0,32,,0
21986,77142,0028600333,"JAN 01, 1987",LAL @ POR,W,29,1,4.0,0.25,0,0.0,0.0,2,2,1.0,0.0,6.0,6.0,18.0,0.0,0.0,3.0,1.0,4,,0
21986,77142,0028600317,"DEC 28, 1986",LAL vs. PHL,W,31,12,17.0,0.706,0,0.0,0.0,4,4,1.0,2.0,6.0,8.0,9.0,2.0,0.0,5.0,1.0,28,,0
21986,77142,0028600304,"DEC 26, 1986",LAL vs. HOU,W,34,11,20.0,0.55,0,0.0,0.0,8,9,0.889,1.0,3.0,4.0,15.0,3.0,0.0,4.0,3.0,30,,0
21986,77142,0028600292,"DEC 23, 1986",LAL @ SAC,W,48,17,36.0,0.472,0,1.0,0.0,12,16,0.75,1.0,9.0,10.0,9.0,1.0,0.0,2.0,3.0,46,,0
21986,77142,0028600284,"DEC 21, 1986",LAL @ HOU,W,42,11,18.0,0.611,0,0.0,0.0,16,16,1.0,0.0,8.0,8.0,16.0,3.0,1.0,2.0,1.0,38,,0
21986,77142,0028600280,"DEC 20, 1986",LAL @ DAL,L,41,11,22.0,0.5,0,2.0,0.0,12,12,1.0,4.0,3.0,7.0,15.0,0.0,0.0,6.0,5.0,34,,0
21986,77142,0028600262,"DEC 18, 1986",LAL vs. POR,W,35,6,9.0,0.667,0,0.0,0.0,5,7,0.714,3.0,3.0,6.0,18.0,3.0,1.0,7.0,1.0,17,,0
21986,77142,0028600248,"DEC 16, 1986",LAL @ CLE,W,42,10,19.0,0.526,0,1.0,0.0,5,8,0.625,3.0,8.0,11.0,14.0,1.0,1.0,4.0,2.0,25,,0
21986,77142,0028600239,"DEC 13, 1986",LAL @ DET,L,39,13,30.0,0.433,0,0.0,0.0,8,8,1.0,2.0,7.0,9.0,9.0,0.0,2.0,2.0,2.0,34,,0
21986,77142,0028600229,"DEC 12, 1986",LAL @ BOS,W,42,13,25.0,0.52,0,0.0,0.0,5,7,0.714,1.0,6.0,7.0,8.0,2.0,1.0,2.0,2.0,31,,0
21986,77142,0028600218,"DEC 10, 1986",LAL @ MIL,L,22,4,11.0,0.364,0,0.0,0.0,0,2,0.0,1.0,4.0,5.0,4.0,1.0,0.0,4.0,0.0,8,,0
21986,77142,0028600209,"DEC 09, 1986",LAL @ NYK,W,36,10,18.0,0.556,0,0.0,0.0,2,2,1.0,1.0,7.0,8.0,15.0,4.0,0.0,1.0,1.0,22,,0
21986,77142,0028600206,"DEC 07, 1986",LAL vs. GOS,W,28,2,6.0,0.333,0,0.0,0.0,6,6,1.0,1.0,5.0,6.0,13.0,2.0,0.0,1.0,0.0,10,,0
21986,77142,0028600196,"DEC 05, 1986",LAL vs. DAL,W,44,9,19.0,0.474,1,1.0,1.0,8,10,0.8,1.0,7.0,8.0,10.0,3.0,0.0,4.0,1.0,27,,0
21986,77142,0028600190,"DEC 04, 1986",LAL @ GOS,L,37,8,15.0,0.533,0,1.0,0.0,12,16,0.75,0.0,7.0,7.0,6.0,1.0,0.0,5.0,1.0,28,,0
21986,77142,0028600170,"NOV 30, 1986",LAL vs. LAC,W,33,5,9.0,0.556,0,0.0,0.0,3,4,0.75,0.0,1.0,1.0,13.0,2.0,2.0,9.0,0.0,13,,0
21986,77142,0028600156,"NOV 28, 1986",LAL vs. CHI,W,41,10,24.0,0.417,0,1.0,0.0,10,10,1.0,0.0,2.0,2.0,9.0,0.0,0.0,3.0,4.0,30,,0
21986,77142,0028600147,"NOV 26, 1986",LAL @ LAC,W,28,5,11.0,0.455,0,0.0,0.0,4,5,0.8,1.0,3.0,4.0,14.0,0.0,0.0,3.0,1.0,14,,0
21986,77142,0028600139,"NOV 25, 1986",LAL vs. ATL,L,36,8,15.0,0.533,0,2.0,0.0,6,7,0.857,3.0,0.0,3.0,8.0,0.0,0.0,3.0,5.0,22,,0
21986,77142,0028600133,"NOV 23, 1986",LAL vs. MIL,W,39,5,10.0,0.5,0,0.0,0.0,13,14,0.929,2.0,1.0,3.0,10.0,3.0,0.0,1.0,1.0,23,,0
21986,77142,0028600123,"NOV 21, 1986",LAL vs. NJN,W,25,4,7.0,0.571,0,0.0,0.0,3,3,1.0,0.0,5.0,5.0,10.0,1.0,1.0,1.0,3.0,11,,0
21986,77142,0028600106,"NOV 19, 1986",LAL @ SAN,W,37,11,18.0,0.611,0,0.0,0.0,3,4,0.75,2.0,7.0,9.0,13.0,3.0,0.0,5.0,4.0,25,,0
21986,77142,0028600100,"NOV 18, 1986",LAL @ DAL,W,40,10,21.0,0.476,0,0.0,0.0,9,10,0.9,1.0,5.0,6.0,9.0,0.0,1.0,5.0,1.0,29,,0
21986,77142,0028600094,"NOV 16, 1986",LAL vs. SAC,W,42,12,21.0,0.571,0,0.0,0.0,10,13,0.769,3.0,5.0,8.0,12.0,2.0,0.0,3.0,2.0,34,,0
21986,77142,0028600071,"NOV 12, 1986",LAL vs. SEA,W,30,6,10.0,0.5,0,0.0,0.0,7,7,1.0,1.0,5.0,6.0,10.0,2.0,1.0,5.0,1.0,19,,0
21986,77142,0028600058,"NOV 09, 1986",LAL vs. NYK,W,31,9,16.0,0.563,0,1.0,0.0,3,3,1.0,0.0,4.0,4.0,15.0,2.0,2.0,3.0,1.0,21,,0
21986,77142,0028600043,"NOV 07, 1986",LAL vs. DEN,W,34,6,14.0,0.429,0,0.0,0.0,4,5,0.8,1.0,4.0,5.0,18.0,2.0,0.0,1.0,5.0,16,,0
21986,77142,0028600027,"NOV 04, 1986",LAL @ SEA,W,39,2,9.0,0.222,0,0.0,0.0,6,7,0.857,0.0,3.0,3.0,10.0,6.0,1.0,3.0,2.0,10,,0
21986,77142,0028600018,"NOV 01, 1986",LAL @ HOU,L,42,7,16.0,0.438,0,0.0,0.0,7,8,0.875,2.0,4.0,6.0,10.0,1.0,0.0,5.0,3.0,21,,0
21985,77142,0028500931,"APR 12, 1986",LAL @ SAC,W,27,6,9.0,0.667,0,0.0,,2,2,1.0,2.0,4.0,6.0,8.0,1.0,0.0,7.0,2.0,14,,0
21985,77142,0028500916,"APR 10, 1986",LAL vs. HOU,W,41,9,22.0,0.409,0,0.0,,8,8,1.0,2.0,2.0,4.0,16.0,1.0,0.0,4.0,1.0,26,,0
21985,77142,0028500909,"APR 08, 1986",LAL @ POR,W,41,8,16.0,0.5,0,1.0,,9,9,1.0,1.0,4.0,5.0,10.0,0.0,0.0,6.0,1.0,25,,0
21985,77142,0028500899,"APR 06, 1986",LAL @ HOU,L,42,9,18.0,0.5,0,1.0,,2,2,1.0,1.0,4.0,5.0,20.0,3.0,0.0,6.0,3.0,20,,0
21985,77142,0028500879,"APR 03, 1986",LAL vs. SAC,W,28,2,6.0,0.333,0,0.0,,8,10,0.8,0.0,5.0,5.0,16.0,2.0,2.0,4.0,1.0,12,,0
21985,77142,0028500869,"APR 01, 1986",LAL vs. SEA,W,34,6,10.0,0.6,0,0.0,,4,4,1.0,3.0,5.0,8.0,6.0,1.0,0.0,3.0,2.0,16,,0
21985,77142,0028500860,"MAR 30, 1986",LAL vs. GOS,W,39,4,8.0,0.5,0,0.0,,7,8,0.875,0.0,4.0,4.0,19.0,1.0,1.0,4.0,2.0,15,,0
21985,77142,0028500851,"MAR 29, 1986",LAL @ SEA,L,42,7,15.0,0.467,0,1.0,,6,7,0.857,2.0,4.0,6.0,12.0,4.0,0.0,5.0,3.0,20,,0
21985,77142,0028500830,"MAR 25, 1986",LAL @ DEN,W,39,5,9.0,0.556,0,1.0,,4,4,1.0,0.0,9.0,9.0,19.0,2.0,0.0,4.0,2.0,14,,0
21985,77142,0028500823,"MAR 24, 1986",LAL vs. SAN,W,33,6,12.0,0.5,0,0.0,,4,4,1.0,3.0,5.0,8.0,12.0,2.0,0.0,0.0,2.0,16,,0
21985,77142,0028500812,"MAR 22, 1986",LAL @ SAC,W,41,6,10.0,0.6,1,2.0,,5,5,1.0,0.0,2.0,2.0,14.0,2.0,0.0,2.0,1.0,18,,0
21985,77142,0028500807,"MAR 21, 1986",LAL @ SAN,W,39,6,16.0,0.375,0,0.0,,15,16,0.938,0.0,1.0,1.0,10.0,2.0,1.0,5.0,2.0,27,,0
21985,77142,0028500794,"MAR 19, 1986",LAL @ LAC,L,39,7,16.0,0.438,0,0.0,,4,4,1.0,2.0,3.0,5.0,11.0,2.0,0.0,4.0,3.0,18,,0
21985,77142,0028500793,"MAR 18, 1986",LAL vs. POR,W,36,9,19.0,0.474,0,2.0,,8,11,0.727,0.0,6.0,6.0,11.0,1.0,0.0,3.0,2.0,26,,0
21985,77142,0028500778,"MAR 16, 1986",LAL vs. HOU,W,42,7,12.0,0.583,0,0.0,,5,6,0.833,2.0,10.0,12.0,12.0,2.0,0.0,6.0,1.0,19,,0
21985,77142,0028500757,"MAR 13, 1986",LAL vs. SEA,W,38,12,25.0,0.48,0,0.0,,3,3,1.0,1.0,4.0,5.0,13.0,1.0,0.0,1.0,2.0,27,,0
21985,77142,0028500743,"MAR 11, 1986",LAL vs. LAC,W,29,6,13.0,0.462,0,1.0,,3,3,1.0,1.0,4.0,5.0,16.0,1.0,1.0,4.0,2.0,15,,0
21985,77142,0028500733,"MAR 09, 1986",LAL @ SEA,W,41,12,16.0,0.75,0,0.0,,8,10,0.8,1.0,3.0,4.0,9.0,0.0,0.0,5.0,3.0,32,,0
21985,77142,0028500730,"MAR 08, 1986",LAL vs. SAC,W,53,13,23.0,0.565,1,1.0,,6,11,0.545,1.0,4.0,5.0,17.0,4.0,1.0,1.0,2.0,33,,0
21985,77142,0028500713,"MAR 06, 1986",LAL @ GOS,W,41,11,18.0,0.611,0,0.0,,8,10,0.8,2.0,6.0,8.0,14.0,3.0,0.0,6.0,4.0,30,,0
21985,77142,0028500711,"MAR 05, 1986",LAL vs. UTH,W,26,6,9.0,0.667,0,0.0,,4,4,1.0,0.0,4.0,4.0,8.0,1.0,0.0,2.0,0.0,16,,0
21985,77142,0028500694,"MAR 03, 1986",LAL vs. GOS,W,44,8,15.0,0.533,0,0.0,,5,6,0.833,1.0,4.0,5.0,16.0,1.0,0.0,3.0,3.0,21,,0
21985,77142,0028500688,"MAR 01, 1986",LAL @ PHX,L,36,7,17.0,0.412,0,0.0,,7,8,0.875,1.0,3.0,4.0,9.0,4.0,0.0,9.0,2.0,21,,0
21985,77142,0028500680,"FEB 28, 1986",LAL vs. PHX,W,36,5,12.0,0.417,0,0.0,,7,9,0.778,0.0,5.0,5.0,12.0,3.0,0.0,2.0,1.0,17,,0
21985,77142,0028500668,"FEB 26, 1986",LAL @ DAL,W,40,10,20.0,0.5,0,0.0,,1,2,0.5,1.0,5.0,6.0,9.0,1.0,0.0,4.0,0.0,21,,0
21985,77142,0028500654,"FEB 24, 1986",LAL @ ATL,L,41,9,22.0,0.409,1,3.0,,4,4,1.0,2.0,3.0,5.0,5.0,3.0,0.0,3.0,4.0,23,,0
21985,77142,0028500648,"FEB 23, 1986",LAL @ PHL,W,43,13,21.0,0.619,1,3.0,0.333,7,8,0.875,2.0,3.0,5.0,11.0,1.0,0.0,4.0,5.0,34,,0
21985,77142,0028500636,"FEB 21, 1986",LAL @ NJN,L,39,6,9.0,0.667,1,1.0,,7,9,0.778,0.0,5.0,5.0,10.0,0.0,0.0,5.0,2.0,20,,0
21985,77142,0028500626,"FEB 19, 1986",LAL @ IND,W,39,7,16.0,0.438,0,0.0,,7,7,1.0,1.0,5.0,6.0,10.0,2.0,0.0,6.0,2.0,21,,0
21985,77142,0028500606,"FEB 16, 1986",LAL vs. BOS,L,38,0,4.0,0.0,0,0.0,,6,6,1.0,1.0,5.0,6.0,12.0,2.0,0.0,4.0,1.0,6,,0
21985,77142,0028500592,"FEB 14, 1986",LAL vs. ATL,W,32,8,11.0,0.727,0,0.0,,2,2,1.0,1.0,7.0,8.0,16.0,1.0,0.0,3.0,3.0,18,,0
21985,77142,0028500579,"FEB 12, 1986",LAL @ PHX,W,28,3,8.0,0.375,0,0.0,,2,2,1.0,0.0,4.0,4.0,11.0,0.0,1.0,0.0,1.0,8,,0
21985,77142,0028500577,"FEB 11, 1986",LAL @ GOS,L,32,6,11.0,0.545,0,0.0,,1,2,0.5,2.0,4.0,6.0,10.0,1.0,0.0,11.0,3.0,13,,0
21985,77142,0028500560,"FEB 06, 1986",LAL @ HOU,W,29,5,10.0,0.5,0,1.0,,5,5,1.0,2.0,2.0,4.0,9.0,1.0,0.0,2.0,1.0,15,,0
21985,77142,0028500551,"FEB 04, 1986",LAL vs. DAL,W,31,4,9.0,0.444,0,1.0,,6,7,0.857,1.0,4.0,5.0,8.0,0.0,1.0,8.0,3.0,14,,0
21985,77142,0028500480,"JAN 22, 1986",LAL @ BOS,L,27,6,10.0,0.6,0,0.0,,3,3,1.0,0.0,1.0,1.0,6.0,3.0,0.0,0.0,3.0,15,,0
21985,77142,0028500467,"JAN 20, 1986",LAL @ CHI,W,33,8,15.0,0.533,0,0.0,,8,8,1.0,0.0,1.0,1.0,14.0,1.0,1.0,0.0,3.0,24,,0
21985,77142,0028500463,"JAN 19, 1986",LAL @ DET,L,40,5,15.0,0.333,0,1.0,,0,0,0.0,0.0,6.0,6.0,18.0,1.0,0.0,3.0,1.0,10,,0
21985,77142,0028500431,"JAN 14, 1986",LAL vs. PHX,W,35,9,13.0,0.692,0,0.0,,3,4,0.75,2.0,7.0,9.0,19.0,2.0,0.0,3.0,3.0,21,,0
21985,77142,0028500414,"JAN 11, 1986",LAL @ SEA,L,38,4,8.0,0.5,1,2.0,,5,5,1.0,0.0,6.0,6.0,16.0,1.0,0.0,4.0,3.0,14,,0
21985,77142,0028500410,"JAN 10, 1986",LAL vs. IND,W,32,4,17.0,0.235,0,1.0,,4,5,0.8,2.0,7.0,9.0,11.0,4.0,0.0,4.0,1.0,12,,0
21985,77142,0028500396,"JAN 08, 1986",LAL vs. POR,W,34,6,11.0,0.545,0,0.0,,10,11,0.909,0.0,4.0,4.0,16.0,1.0,1.0,4.0,0.0,22,,0
21985,77142,0028500384,"JAN 05, 1986",LAL vs. WAS,W,25,7,10.0,0.7,0,0.0,,4,4,1.0,1.0,7.0,8.0,17.0,4.0,0.0,1.0,0.0,18,,0
21985,77142,0028500373,"JAN 03, 1986",LAL vs. UTH,W,24,5,6.0,0.833,0,0.0,,1,1,1.0,1.0,3.0,4.0,4.0,0.0,0.0,3.0,3.0,11,,0
21985,77142,0028500353,"DEC 29, 1985",LAL vs. GOS,L,42,9,15.0,0.6,0,3.0,,12,16,0.75,1.0,6.0,7.0,12.0,0.0,0.0,8.0,2.0,30,,0
21985,77142,0028500187,"DEC 28, 1985",LAL @ SAC,W,29,8,11.0,0.727,0,1.0,,4,4,1.0,0.0,5.0,5.0,13.0,3.0,0.0,6.0,1.0,20,,0
21985,77142,0028500332,"DEC 26, 1985",LAL @ SAN,L,38,8,14.0,0.571,0,0.0,,6,7,0.857,0.0,2.0,2.0,9.0,0.0,0.0,8.0,2.0,22,,0
21985,77142,0028500324,"DEC 21, 1985",LAL @ WAS,W,37,7,11.0,0.636,0,0.0,,1,2,0.5,2.0,6.0,8.0,13.0,2.0,0.0,2.0,0.0,15,,0
21985,77142,0028500312,"DEC 20, 1985",LAL @ CLE,W,36,6,13.0,0.462,0,1.0,,7,7,1.0,0.0,4.0,4.0,14.0,1.0,0.0,2.0,2.0,19,,0
21985,77142,0028500302,"DEC 18, 1985",LAL @ MIL,W,37,5,8.0,0.625,0,0.0,,2,3,0.667,1.0,4.0,5.0,8.0,0.0,1.0,6.0,2.0,12,,0
21985,77142,0028500297,"DEC 17, 1985",LAL @ NYK,W,38,6,11.0,0.545,0,0.0,,6,7,0.857,0.0,8.0,8.0,12.0,2.0,0.0,5.0,2.0,18,,0
21985,77142,0028500287,"DEC 15, 1985",LAL vs. DET,W,29,5,9.0,0.556,0,0.0,,9,11,0.818,3.0,4.0,7.0,15.0,2.0,0.0,8.0,2.0,19,,0
21985,77142,0028500275,"DEC 13, 1985",LAL @ DEN,L,38,8,15.0,0.533,0,2.0,,5,6,0.833,2.0,9.0,11.0,5.0,1.0,0.0,2.0,2.0,21,,0
21985,77142,0028500269,"DEC 12, 1985",LAL vs. PHX,W,31,3,6.0,0.5,0,1.0,,7,7,1.0,0.0,4.0,4.0,20.0,0.0,0.0,3.0,0.0,13,,0
21985,77142,0028500249,"DEC 08, 1985",LAL vs. DAL,W,42,13,20.0,0.591,0,0.0,,2,3,0.667,0.0,3.0,3.0,15.0,1.0,0.0,0.0,4.0,28,,0
21985,77142,0028500238,"DEC 06, 1985",LAL vs. HOU,W,41,6,11.0,0.545,0,0.0,,6,6,1.0,2.0,4.0,6.0,14.0,2.0,1.0,5.0,2.0,18,,0
21985,77142,0028500224,"DEC 04, 1985",LAL @ UTH,W,35,9,16.0,0.563,1,1.0,,10,11,0.909,1.0,8.0,9.0,8.0,5.0,0.0,2.0,5.0,29,,0
21985,77142,0028500210,"DEC 01, 1985",LAL vs. CHI,W,40,6,10.0,0.6,0,0.0,,5,6,0.833,4.0,4.0,8.0,17.0,1.0,0.0,3.0,1.0,17,,0
21985,77142,0028500189,"NOV 29, 1985",LAL vs. SEA,W,39,3,11.0,0.273,0,0.0,,8,8,1.0,4.0,12.0,16.0,17.0,4.0,0.0,5.0,1.0,14,,0
21985,77142,0028500163,"NOV 24, 1985",LAL vs. SAN,W,33,7,12.0,0.583,0,1.0,,9,9,1.0,2.0,2.0,4.0,13.0,1.0,1.0,2.0,0.0,23,,0
21985,77142,0028500162,"NOV 23, 1985",LAL @ POR,W,33,6,9.0,0.667,0,0.0,,5,6,0.833,0.0,3.0,3.0,14.0,0.0,0.0,2.0,0.0,17,,0
21985,77142,0028500147,"NOV 21, 1985",LAL @ DEN,L,40,3,14.0,0.214,0,0.0,,4,5,0.8,3.0,5.0,8.0,18.0,1.0,2.0,2.0,1.0,10,,0
21985,77142,0028500143,"NOV 20, 1985",LAL vs. LAC,W,35,9,12.0,0.75,0,0.0,,4,5,0.8,4.0,5.0,9.0,20.0,1.0,0.0,2.0,2.0,22,,0
21985,77142,0028500128,"NOV 17, 1985",LAL vs. NJN,W,30,9,15.0,0.6,0,1.0,,3,3,1.0,2.0,4.0,6.0,15.0,2.0,0.0,3.0,1.0,21,,0
21985,77142,0028500118,"NOV 15, 1985",LAL @ LAC,W,32,6,9.0,0.667,0,0.0,,0,0,0.0,3.0,6.0,9.0,14.0,3.0,0.0,5.0,1.0,12,,0
21985,77142,0028500111,"NOV 14, 1985",LAL vs. POR,W,44,12,19.0,0.632,1,1.0,,5,7,0.714,2.0,7.0,9.0,12.0,4.0,0.0,5.0,2.0,30,,0
21985,77142,0028500099,"NOV 12, 1985",LAL vs. UTH,W,42,5,10.0,0.5,1,2.0,,4,4,1.0,0.0,3.0,3.0,10.0,0.0,0.0,2.0,2.0,15,,0
21985,77142,0028500077,"NOV 08, 1985",LAL vs. DEN,W,28,7,11.0,0.636,1,3.0,,4,5,0.8,1.0,9.0,10.0,12.0,2.0,1.0,3.0,2.0,19,,0
21985,77142,0028500074,"NOV 07, 1985",LAL @ UTH,W,44,4,8.0,0.5,0,1.0,,8,9,0.889,0.0,6.0,6.0,12.0,1.0,0.0,4.0,3.0,16,,0
21985,77142,0028500061,"NOV 05, 1985",LAL vs. CLE,L,29,8,13.0,0.615,0,0.0,,7,8,0.875,2.0,6.0,8.0,8.0,0.0,0.0,3.0,1.0,23,,0
21985,77142,0028500046,"NOV 02, 1985",LAL @ GOS,W,33,2,6.0,0.333,0,1.0,,3,6,0.5,0.0,3.0,3.0,13.0,1.0,0.0,4.0,1.0,7,,0
21985,77142,0028500040,"OCT 31, 1985",LAL @ PHX,W,22,1,7.0,0.143,0,0.0,,4,4,1.0,1.0,6.0,7.0,12.0,0.0,0.0,3.0,0.0,6,,0
21984,77142,0028400924,"APR 12, 1985",LAL vs. SEA,W,0,2,3.0,0.667,0,,,2,2,1.0,,,,,,,,,6,,0
21984,77142,0028400918,"APR 11, 1985",LAL @ GOS,W,0,9,15.0,0.6,0,,,10,13,0.769,,,,17.0,,,,,28,,0
21984,77142,0028400906,"APR 09, 1985",LAL vs. DEN,W,0,7,11.0,0.636,0,,,5,5,1.0,,,8.0,11.0,,,,,19,,0
21984,77142,0028400902,"APR 07, 1985",LAL vs. POR,W,0,11,16.0,0.688,0,,,17,19,0.895,,,,11.0,,,,,39,,0
21984,77142,0028400877,"APR 03, 1985",LAL @ SAN,L,0,3,10.0,0.3,0,,,5,6,0.833,,,,13.0,,,,,11,,0
21984,77142,0028400865,"APR 02, 1985",LAL @ DEN,W,0,4,5.0,0.8,0,,,6,8,0.75,,,,13.0,,,,,14,,0
21984,77142,0028400862,"MAR 31, 1985",LAL vs. PHX,W,0,3,8.0,0.375,0,,,2,2,1.0,,,,14.0,,,,,8,,0
21984,77142,0028400844,"MAR 29, 1985",LAL vs. DAL,W,0,9,20.0,0.45,0,,,5,5,1.0,,,,13.0,,,,,23,,0
21984,77142,0028400833,"MAR 27, 1985",LAL @ SEA,W,0,5,9.0,0.556,0,,,5,6,0.833,,,,10.0,,,,,15,,0
21984,77142,0028400831,"MAR 26, 1985",LAL @ POR,L,0,8,16.0,0.5,0,,,8,9,0.889,,,,14.0,,,,,24,,0
21984,77142,0028400819,"MAR 24, 1985",LAL vs. DET,W,0,9,13.0,0.692,0,,,7,8,0.875,,,,19.0,,,,,25,,0
21984,77142,0028400804,"MAR 22, 1985",LAL @ HOU,W,0,3,7.0,0.429,0,,,6,8,0.75,,,8.0,16.0,,,,,12,,0
21984,77142,0028400791,"MAR 19, 1985",LAL @ PHX,W,0,6,10.0,0.6,0,,,12,12,1.0,,,,10.0,,,,,24,,0
21984,77142,0028400770,"MAR 16, 1985",LAL @ LAC,W,0,8,17.0,0.471,0,,,9,10,0.9,,,9.0,15.0,,,,,25,,0
21984,77142,0028400765,"MAR 15, 1985",LAL vs. SAN,W,0,7,16.0,0.438,0,,,7,9,0.778,,,,18.0,,,,,21,,0
21984,77142,0028400751,"MAR 13, 1985",LAL @ UTH,W,0,4,7.0,0.571,0,,,2,2,1.0,,,,11.0,,,,,10,,0
21984,77142,0028400741,"MAR 12, 1985",LAL vs. UTH,W,0,4,7.0,0.571,0,,,10,12,0.833,,,,13.0,,,,,18,,0
21984,77142,0028400731,"MAR 09, 1985",LAL vs. CLE,W,0,3,8.0,0.375,0,,,0,0,0.0,,,,13.0,,,,,6,,0
21984,77142,0028400714,"MAR 06, 1985",LAL vs. GOS,W,0,4,8.0,0.5,0,,,4,4,1.0,,,,,,,,,12,,0
21984,77142,0028400689,"MAR 02, 1985",LAL @ DAL,W,0,5,11.0,0.455,0,,,4,4,1.0,,,,16.0,,,,,14,,0
21984,77142,0028400674,"FEB 28, 1985",LAL @ PHX,L,0,7,12.0,0.583,0,,,4,5,0.8,,,,,,,,,18,,0
21984,77142,0028400659,"FEB 26, 1985",LAL vs. HOU,W,0,7,16.0,0.438,0,,,1,1,1.0,,,11.0,18.0,,,,,15,,0
21984,77142,0028400650,"FEB 24, 1985",LAL @ NYK,W,0,6,12.0,0.5,0,,,7,10,0.7,,,,15.0,,,,,19,,0
21984,77142,0028400644,"FEB 22, 1985",LAL @ IND,L,0,8,9.0,0.889,2,,,4,4,1.0,,,,11.0,,,,,22,,0
21984,77142,0028400634,"FEB 21, 1985",LAL @ KCK,W,0,7,11.0,0.636,0,,,1,2,0.5,,,10.0,17.0,,,,,15,,0
21984,77142,0028400621,"FEB 19, 1985",LAL @ CHI,W,0,9,13.0,0.692,0,,,2,4,0.5,,,,12.0,,,,,20,,0
21984,77142,0028400614,"FEB 17, 1985",LAL vs. BOS,W,0,10,16.0,0.625,0,,,17,19,0.895,,,,13.0,,,,,37,,0
21984,77142,0028400597,"FEB 15, 1985",LAL vs. ATL,W,0,8,16.0,0.5,1,,,6,7,0.857,,,,16.0,,,,,23,,0
21984,77142,0028400583,"FEB 12, 1985",LAL vs. LAC,W,0,9,12.0,0.75,0,,,5,5,1.0,,,,12.0,,,,,23,,0
21984,77142,0028400556,"FEB 05, 1985",LAL @ HOU,W,0,5,12.0,0.417,0,,,8,8,1.0,,,,19.0,,,,,18,,0
21984,77142,0028400548,"FEB 03, 1985",LAL vs. IND,W,0,6,17.0,0.353,0,,,5,8,0.625,,,,12.0,,,,,17,,0
21984,77142,0028400546,"FEB 02, 1985",LAL @ LAC,W,0,3,7.0,0.429,0,,,1,2,0.5,,,,17.0,,,,,7,,0
21984,77142,0028400535,"FEB 01, 1985",LAL vs. NYK,W,0,4,6.0,0.667,0,,,9,11,0.818,,,,12.0,,,,,17,,0
21984,77142,0028400524,"JAN 30, 1985",LAL vs. HOU,L,0,14,18.0,0.778,1,,,4,6,0.667,,,,10.0,,,,,33,,0
21984,77142,0028400513,"JAN 29, 1985",LAL @ POR,W,0,6,10.0,0.6,0,,,0,0,0.0,,,,13.0,,,,,12,,0
21984,77142,0028400503,"JAN 26, 1985",LAL @ UTH,L,0,5,11.0,0.455,0,,,9,11,0.818,,,8.0,6.0,,,,,19,,0
21984,77142,0028400493,"JAN 25, 1985",LAL vs. PHL,W,39,6,11.0,0.545,0,1.0,0.0,4,5,0.8,,,6.0,15.0,,,,1.0,16,,0
21984,77142,0028400481,"JAN 22, 1985",LAL vs. LAC,W,0,5,10.0,0.5,0,,,3,3,1.0,,,,13.0,,,,,13,,0
21984,77142,0028400462,"JAN 19, 1985",LAL @ GOS,W,0,7,10.0,0.7,0,,,2,2,1.0,,,,13.0,,,,,16,,0
21984,77142,0028400457,"JAN 18, 1985",LAL vs. DAL,W,0,5,9.0,0.556,0,,,2,2,1.0,,,,18.0,,,,,12,,0
21984,77142,0028400449,"JAN 16, 1985",LAL @ BOS,L,0,4,11.0,0.364,0,,,0,0,0.0,,,7.0,13.0,,,,,8,,0
21984,77142,0028400438,"JAN 15, 1985",LAL @ MIL,L,0,13,16.0,0.813,0,,,6,7,0.857,,,,9.0,,,,,32,,0
21984,77142,0028400431,"JAN 13, 1985",LAL @ DET,L,0,9,18.0,0.5,0,,,4,6,0.667,,,,10.0,,,,,22,,0
21984,77142,0028400414,"JAN 11, 1985",LAL @ DAL,W,0,8,14.0,0.571,0,,,2,2,1.0,,,,,,,,,18,,0
21984,77142,0028400409,"JAN 10, 1985",LAL vs. UTH,W,0,8,13.0,0.615,0,,,4,5,0.8,,,,10.0,,,,,20,,0
21984,77142,0028400375,"JAN 04, 1985",LAL vs. POR,W,0,2,6.0,0.333,0,,,2,2,1.0,,,,,,,,,6,,0
21984,77142,0028400354,"DEC 29, 1984",LAL vs. LAC,W,0,5,12.0,0.417,0,,,5,8,0.625,,,10.0,16.0,,,,,15,,0
21984,77142,0028400342,"DEC 28, 1984",LAL @ DEN,W,0,8,11.0,0.727,0,,,5,5,1.0,,,11.0,14.0,,,,,21,,0
21984,77142,0028400328,"DEC 26, 1984",LAL vs. SEA,W,0,6,12.0,0.5,0,,,6,6,1.0,,,,10.0,,,,,18,,0
21984,77142,0028400308,"DEC 21, 1984",LAL vs. PHX,W,0,8,16.0,0.5,1,,,8,12,0.667,,,,12.0,,,,,25,,0
21984,77142,0028400301,"DEC 19, 1984",LAL @ HOU,W,0,10,17.0,0.588,0,,,6,6,1.0,,,,20.0,,,,,26,,0
21984,77142,0028400295,"DEC 18, 1984",LAL @ ATL,W,0,7,12.0,0.583,0,,,11,12,0.917,,,14.0,20.0,,,,,25,,0
21984,77142,0028400286,"DEC 16, 1984",LAL vs. WAS,W,0,5,15.0,0.333,0,,,7,7,1.0,,,,18.0,,,,,17,,0
21984,77142,0028400267,"DEC 13, 1984",LAL @ SEA,L,0,4,9.0,0.444,0,,,6,6,1.0,,,,15.0,,,,,14,,0
21984,77142,0028400259,"DEC 12, 1984",LAL vs. GOS,W,0,4,8.0,0.5,0,,,5,6,0.833,,,,10.0,,,,,13,,0
21984,77142,0028400240,"DEC 08, 1984",LAL @ WAS,L,0,10,16.0,0.625,0,,,3,3,1.0,,,,12.0,,,,,23,,0
21984,77142,0028400232,"DEC 07, 1984",LAL @ PHL,L,42,9,11.0,0.818,0,0.0,0.0,3,4,0.75,,,5.0,17.0,,2.0,,3.0,21,,0
21984,77142,0028400221,"DEC 05, 1984",LAL @ NJN,W,0,6,10.0,0.6,0,,,3,3,1.0,,,6.0,9.0,,,,,15,,0
21984,77142,0028400215,"DEC 04, 1984",LAL @ CLE,W,0,13,18.0,0.722,0,,,2,4,0.5,,,,14.0,,,,,28,,0
21984,77142,0028400206,"DEC 02, 1984",LAL vs. CHI,L,0,4,9.0,0.444,0,,,4,5,0.8,,,7.0,16.0,,,,,12,,0
21984,77142,0028400194,"NOV 30, 1984",LAL vs. KCK,W,0,6,15.0,0.4,0,,,4,4,1.0,,,,13.0,,,,,16,,0
21984,77142,0028400182,"NOV 28, 1984",LAL @ UTH,W,0,6,17.0,0.353,1,,,7,8,0.875,,,,14.0,,,,,20,,0
21984,77142,0028400158,"NOV 24, 1984",LAL @ LAC,W,0,7,10.0,0.7,0,,,3,3,1.0,,,,14.0,,,,,17,,0
21984,77142,0028400145,"NOV 21, 1984",LAL @ PHX,W,0,6,10.0,0.6,0,,,0,0,0.0,,,,8.0,,,,,12,,0
21984,77142,0028400132,"NOV 20, 1984",LAL vs. PHX,W,0,10,13.0,0.769,0,,,9,11,0.818,,,,10.0,,,,,29,,0
21984,77142,0028400128,"NOV 18, 1984",LAL vs. MIL,W,0,8,16.0,0.5,0,,,4,4,1.0,,,,11.0,,,,,20,,0
21984,77142,0028400113,"NOV 16, 1984",LAL vs. KCK,W,0,4,10.0,0.4,0,,,1,1,1.0,,,,11.0,,,,,9,,0
21984,77142,0028400090,"NOV 11, 1984",LAL vs. NJN,W,0,7,13.0,0.538,0,,,6,6,1.0,,,,12.0,,,,,20,,0
21984,77142,0028400076,"NOV 09, 1984",LAL @ POR,W,0,6,7.0,0.857,0,,,3,3,1.0,,,,15.0,,,,,15,,0
21984,77142,0028400075,"NOV 08, 1984",LAL @ GOS,L,0,7,13.0,0.538,0,,,6,10,0.6,,,9.0,12.0,,,,,20,,0
21984,77142,0028400058,"NOV 06, 1984",LAL vs. DEN,L,0,7,8.0,0.875,0,,,5,8,0.625,,,,8.0,,,,,19,,0
21984,77142,0028400054,"NOV 04, 1984",LAL vs. POR,W,0,7,10.0,0.7,0,,,7,7,1.0,,,,11.0,,,,,21,,0
21984,77142,0028400040,"NOV 02, 1984",LAL vs. SAN,W,0,6,7.0,0.857,0,,,4,5,0.8,,,,11.0,,,,,16,,0
21984,77142,0028400034,"NOV 01, 1984",LAL @ SEA,L,0,3,9.0,0.333,0,,,4,5,0.8,,,10.0,14.0,,,,,10,,0
21984,77142,0028400020,"OCT 30, 1984",LAL vs. GOS,W,0,6,8.0,0.75,0,,,4,6,0.667,,,12.0,10.0,,,,,16,,0
21984,77142,0028400017,"OCT 28, 1984",LAL @ DAL,L,0,3,6.0,0.5,0,,,3,6,0.5,,,,,,,,,9,,0
21984,77142,0028400007,"OCT 27, 1984",LAL @ SAN,L,0,11,18.0,0.611,1,,,9,9,1.0,,,,8.0,,,,,32,,0
21983,77142,0028300942,"APR 15, 1984",LAL vs. PHX,L,0,6,11.0,0.545,0,,,2,2,1.0,,,,,,,,,14,,0
21983,77142,0028300910,"APR 10, 1984",LAL @ GOS,L,0,7,14.0,0.5,0,,,9,11,0.818,,,,11.0,,,,,23,,0
21983,77142,0028300897,"APR 08, 1984",LAL @ POR,W,0,10,15.0,0.667,0,,,5,6,0.833,,,8.0,12.0,,,,,25,,0
21983,77142,0028300885,"APR 06, 1984",LAL vs. KCK,W,0,6,11.0,0.545,0,,,2,5,0.4,,,,10.0,,,,,14,,0
21983,77142,0028300877,"APR 05, 1984",LAL @ UTH,W,0,10,11.0,0.909,0,,,3,5,0.6,,,7.0,12.0,,,,,23,,0
21983,77142,0028300867,"APR 03, 1984",LAL @ SAN,L,0,3,7.0,0.429,0,,,0,0,0.0,,,,10.0,,,,,6,,0
21983,77142,0028300860,"APR 01, 1984",LAL vs. GOS,W,0,11,17.0,0.647,0,,,4,5,0.8,,,13.0,,,,,,26,,0
21983,77142,0028300851,"MAR 31, 1984",LAL @ PHX,W,0,6,9.0,0.667,1,,,1,2,0.5,,,,13.0,,,,,14,,0
21983,77142,0028300842,"MAR 29, 1984",LAL vs. HOU,W,0,7,11.0,0.636,0,,,0,0,0.0,,,11.0,10.0,,,,,14,,0
21983,77142,0028300834,"MAR 28, 1984",LAL @ SDC,L,0,10,16.0,0.625,0,,,5,6,0.833,,,,15.0,,,,,25,,0
21983,77142,0028300819,"MAR 25, 1984",LAL vs. SDC,W,0,4,8.0,0.5,0,,,0,0,0.0,,,,16.0,,,,,8,,0
21983,77142,0028300801,"MAR 23, 1984",LAL vs. DET,L,0,5,10.0,0.5,0,,,1,1,1.0,,,,10.0,,,,,11,,0
21983,77142,0028300789,"MAR 21, 1984",LAL @ KCK,W,0,8,14.0,0.571,0,,,8,11,0.727,,,12.0,19.0,,,,,24,,0
21983,77142,0028300780,"MAR 20, 1984",LAL @ MIL,W,0,9,14.0,0.643,0,,,2,3,0.667,,,,11.0,,,,,20,,0
21983,77142,0028300768,"MAR 17, 1984",LAL @ HOU,W,0,5,7.0,0.714,0,,,3,4,0.75,,,,13.0,,,,,13,,0
21983,77142,0028300758,"MAR 15, 1984",LAL vs. SAN,W,0,8,15.0,0.533,0,,,6,6,1.0,,,9.0,,,,,,22,,0
21983,77142,0028300740,"MAR 13, 1984",LAL vs. SEA,W,0,6,10.0,0.6,0,,,2,3,0.667,,,,13.0,,,,,14,,0
21983,77142,0028300729,"MAR 10, 1984",LAL vs. IND,L,0,7,12.0,0.7,1,,,7,9,0.778,,,,9.0,,,,,22,,0
21983,77142,0028300719,"MAR 09, 1984",LAL @ DAL,W,0,13,19.0,0.684,1,,,3,3,1.0,,,,8.0,,,,,30,,0
21983,77142,0028300712,"MAR 07, 1984",LAL vs. PHL,L,40,3,7.0,0.429,0,1.0,0.0,5,7,0.714,,,2.0,11.0,,1.0,,6.0,11,,0
21983,77142,0028300699,"MAR 04, 1984",LAL @ DET,W,0,9,16.0,0.563,0,,,11,14,0.786,,,14.0,,,,,,29,,0
21983,77142,0028300682,"MAR 02, 1984",LAL @ ATL,W,0,5,10.0,0.5,0,,,2,2,1.0,,,,9.0,,,,,12,,0
21983,77142,0028300671,"FEB 29, 1984",LAL @ NJN,L,0,6,11.0,0.545,0,,,2,2,1.0,,,,8.0,,,,,14,,0
21983,77142,0028300662,"FEB 28, 1984",LAL @ CHI,W,0,5,8.0,0.625,0,,,5,6,0.833,,,,15.0,,,,,15,,0
21983,77142,0028300658,"FEB 26, 1984",LAL @ PHL,W,43,10,19.0,0.526,0,0.0,,3,4,0.75,,,8.0,11.0,,1.0,,2.0,23,,0
21983,77142,0028300640,"FEB 24, 1984",LAL vs. BOS,W,0,4,11.0,0.364,0,,,1,2,0.5,,,8.0,18.0,,,,,9,,0
21983,77142,0028300631,"FEB 22, 1984",LAL @ SEA,L,0,10,16.0,0.625,0,,,2,3,0.667,,,13.0,11.0,,,,,22,,0
21983,77142,0028300623,"FEB 21, 1984",LAL vs. SEA,W,0,4,10.0,0.4,0,,,1,3,0.333,,,,23.0,,,,,9,,0
21983,77142,0028300608,"FEB 18, 1984",LAL @ SDC,W,0,7,11.0,0.636,1,,,5,7,0.714,,,7.0,14.0,,,,,20,,0
21983,77142,0028300599,"FEB 17, 1984",LAL vs. DEN,L,0,11,22.0,0.5,0,,,11,11,1.0,,,13.0,16.0,,,,,33,,0
21983,77142,0028300579,"FEB 12, 1984",LAL vs. ATL,W,0,9,13.0,0.692,0,,,5,8,0.625,,,10.0,15.0,,,,,23,,0
21983,77142,0028300564,"FEB 10, 1984",LAL @ WAS,L,0,5,11.0,0.455,0,,,3,4,0.75,,,,13.0,,,,,13,,0
21983,77142,0028300555,"FEB 08, 1984",LAL @ BOS,W,0,9,13.0,0.692,0,,,2,2,1.0,,,8.0,10.0,,,,,20,,0
21983,77142,0028300539,"FEB 07, 1984",LAL @ IND,W,0,7,11.0,0.636,0,,,1,2,0.5,,,,12.0,,,,,15,,0
21983,77142,0028300536,"FEB 05, 1984",LAL @ SAN,W,0,5,9.0,0.556,0,,,7,8,0.875,,,,18.0,,,,,17,,0
21983,77142,0028300518,"FEB 03, 1984",LAL vs. UTH,W,0,2,10.0,0.2,0,,,3,3,1.0,,,,16.0,,,,,7,,0
21983,77142,0028300508,"FEB 01, 1984",LAL @ DEN,W,0,4,13.0,0.308,0,,,2,2,1.0,,,10.0,17.0,,,,,10,,0
21983,77142,0028300502,"JAN 31, 1984",LAL vs. POR,W,0,6,8.0,0.75,0,,,8,9,0.889,,,9.0,15.0,,,,,20,,0
21983,77142,0028300489,"JAN 26, 1984",LAL vs. HOU,W,0,6,14.0,0.429,0,,,7,10,0.7,,,,11.0,,,,,19,,0
21983,77142,0028300481,"JAN 24, 1984",LAL vs. PHX,W,0,6,15.0,0.4,0,,,5,5,1.0,,,,11.0,,,,,17,,0
21983,77142,0028300470,"JAN 21, 1984",LAL @ SAN,L,0,4,11.0,0.364,0,,,4,4,1.0,,,12.0,12.0,,,,,12,,0
21983,77142,0028300451,"JAN 19, 1984",LAL @ PHX,L,0,7,10.0,0.7,0,,,0,0,0.0,,,,,,,,,14,,0
21983,77142,0028300440,"JAN 17, 1984",LAL vs. WAS,W,0,6,12.0,0.5,0,,,5,6,0.833,,,,12.0,,,,,17,,0
21983,77142,0028300428,"JAN 15, 1984",LAL vs. SEA,L,0,0,3.0,0.0,0,,,4,4,1.0,,,,17.0,,,,,4,,0
21983,77142,0028300422,"JAN 13, 1984",LAL @ DEN,W,0,12,17.0,0.706,0,,,3,3,1.0,,,,18.0,,,,,27,,0
21983,77142,0028300410,"JAN 12, 1984",LAL @ KCK,W,0,5,11.0,0.455,0,,,5,6,0.833,,,,11.0,,,,,15,,0
21983,77142,0028300397,"JAN 10, 1984",LAL @ HOU,W,0,5,12.0,0.417,1,,,0,0,0.0,,,,14.0,,,,,11,,0
21983,77142,0028300391,"JAN 08, 1984",LAL vs. HOU,L,0,9,13.0,0.692,0,,,7,8,0.875,,,,14.0,,,,,25,,0
21983,77142,0028300376,"JAN 06, 1984",LAL vs. SAN,L,0,7,15.0,0.467,0,,,5,6,0.833,,,10.0,12.0,,,,,19,,0
21983,77142,0028300364,"JAN 04, 1984",LAL @ CLE,W,0,8,16.0,0.5,0,,,7,9,0.778,,,,10.0,,,,,23,,0
21983,77142,0028300197,"DEC 02, 1983",LAL vs. DAL,L,0,5,10.0,0.5,0,,,6,7,0.857,,,,12.0,,,,,16,,0
21983,77142,0028300182,"NOV 29, 1983",LAL @ GOS,W,0,5,7.0,0.714,0,,,5,7,0.714,,,7.0,16.0,,,,,15,,0
21983,77142,0028300170,"NOV 27, 1983",LAL vs. CHI,W,0,8,12.0,0.667,0,,,13,16,0.813,,,8.0,12.0,,,,,29,,0
21983,77142,0028300160,"NOV 25, 1983",LAL vs. NJN,W,0,3,7.0,0.429,0,,,13,14,0.929,,,,20.0,,,,,19,,0
21983,77142,0028300146,"NOV 23, 1983",LAL @ SEA,L,0,4,6.0,0.667,0,,,2,2,1.0,,,,15.0,,,,,10,,0
21983,77142,0028300139,"NOV 22, 1983",LAL vs. UTH,L,0,6,13.0,0.462,0,,,5,6,0.833,,,9.0,17.0,,,,,17,,0
21983,77142,0028300129,"NOV 19, 1983",LAL @ POR,W,0,7,10.0,0.7,0,,,0,0,0.0,,,9.0,13.0,,,,,14,,0
21983,77142,0028300113,"NOV 17, 1983",LAL vs. CLE,W,0,8,13.0,0.615,0,,,7,10,0.7,,,9.0,22.0,,,,,23,,0
21983,77142,0028300098,"NOV 15, 1983",LAL vs. MIL,W,0,3,3.0,1.0,0,,,0,0,0.0,,,,17.0,,,,,6,,0
21983,77142,0028300094,"NOV 13, 1983",LAL vs. UTH,W,0,13,17.0,0.765,0,,,4,6,0.667,,,,,,,,,30,,0
21983,77142,0028300084,"NOV 11, 1983",LAL vs. PHX,W,0,7,10.0,0.7,0,,,6,8,0.75,,,8.0,15.0,,,,,20,,0
21983,77142,0028300068,"NOV 09, 1983",LAL vs. DAL,W,0,8,9.0,0.889,0,,,6,7,0.857,,,,13.0,,,,,22,,0
21983,77142,0028300066,"NOV 08, 1983",LAL @ DEN,W,0,9,19.0,0.474,0,,,11,11,1.0,,,12.0,14.0,,,,,29,,0
21983,77142,0028300053,"NOV 05, 1983",LAL @ DAL,L,0,5,9.0,0.556,0,,,0,0,0.0,,,,14.0,,,,,10,,0
21983,77142,0028300035,"NOV 02, 1983",LAL @ SDC,L,0,4,8.0,0.5,1,,,3,4,0.75,,,11.0,13.0,,,,,12,,0
21983,77142,0028300010,"OCT 29, 1983",LAL @ UTH,W,0,4,7.0,0.571,0,,,9,11,0.818,,,,,,,,,17,,0
21983,77142,0028300002,"OCT 28, 1983",LAL @ KCK,W,0,5,11.0,0.455,0,,,6,7,0.857,,,,11.0,,,,,16,,0
21982,77142,0028200917,"APR 13, 1983",LAL @ SAN,L,0,4,7.0,0.571,0,,,2,2,1.0,,,,12.0,,,,,10,,0
21982,77142,0028200903,"APR 12, 1983",LAL @ HOU,W,0,13,22.0,0.591,0,,,5,7,0.714,,,,9.0,,,,,31,,0
21982,77142,0028200898,"APR 10, 1983",LAL vs. PHX,L,0,5,12.0,0.417,0,,,10,12,0.833,,,9.0,11.0,,,,,20,,0
21982,77142,0028200880,"APR 08, 1983",LAL vs. GOS,W,0,15,21.0,0.714,0,,,6,8,0.75,,,13.0,14.0,,,,,36,,0
21982,77142,0028200876,"APR 07, 1983",LAL @ PHX,W,0,9,12.0,0.75,0,,,5,6,0.833,,,8.0,13.0,,,,,23,,0
21982,77142,0028200861,"APR 05, 1983",LAL @ POR,L,0,5,14.0,0.357,0,,,1,1,1.0,,,16.0,13.0,,,,,11,,0
21982,77142,0028200856,"APR 04, 1983",LAL @ SEA,L,0,4,15.0,0.267,0,,,7,9,0.778,,,10.0,8.0,,,,,15,,0
21982,77142,0028200839,"APR 01, 1983",LAL vs. NYK,W,0,1,4.0,0.25,0,,,2,2,1.0,,,9.0,12.0,,,,,4,,0
21982,77142,0028200826,"MAR 29, 1983",LAL vs. SDC,W,0,5,7.0,0.714,0,,,1,4,0.25,,,,8.0,,,,,11,,0
21982,77142,0028200817,"MAR 27, 1983",LAL vs. HOU,W,0,12,18.0,0.667,0,,,2,2,1.0,,,,9.0,,,,,26,,0
21982,77142,0028200801,"MAR 25, 1983",LAL vs. SAN,L,0,6,12.0,0.5,0,,,10,12,0.833,,,12.0,11.0,,,,,22,,0
21982,77142,0028200784,"MAR 22, 1983",LAL vs. SEA,W,0,9,15.0,0.6,0,,,5,6,0.833,,,15.0,11.0,,,,,23,,0
21982,77142,0028200763,"MAR 18, 1983",LAL vs. KCK,W,0,0,0.0,0.0,0,,,0,0,0.0,,,,,,,,,0,,0
21982,77142,0028200751,"MAR 16, 1983",LAL vs. PHX,W,0,11,18.0,0.611,0,,,3,5,0.6,,,11.0,,,,,,25,,0
21982,77142,0028200725,"MAR 12, 1983",LAL vs. CHI,W,0,5,13.0,0.385,0,,,8,9,0.889,,,12.0,14.0,,,,,18,,0
21982,77142,0028200711,"MAR 09, 1983",LAL vs. SDC,W,0,2,5.0,0.4,0,,,3,4,0.75,,,,20.0,,,,,7,,0
21982,77142,0028200706,"MAR 08, 1983",LAL @ GOS,W,0,10,17.0,0.588,0,,,11,12,0.917,,,,,,,,,31,,0
21982,77142,0028200688,"MAR 05, 1983",LAL @ DET,W,0,9,21.0,0.429,0,,,3,4,0.75,,,10.0,16.0,,,,,21,,0
21982,77142,0028200685,"MAR 04, 1983",LAL @ WAS,L,0,8,11.0,0.727,0,,,1,1,1.0,,,,10.0,,,,,17,,0
21982,77142,0028200672,"MAR 02, 1983",LAL @ MIL,W,0,15,20.0,0.75,0,,,4,5,0.8,,,7.0,15.0,,,,,34,,0
21982,77142,0028200661,"MAR 01, 1983",LAL @ CHI,W,0,7,15.0,0.467,0,,,6,6,1.0,,,,8.0,,,,,20,,0
21982,77142,0028200659,"FEB 27, 1983",LAL vs. DEN,L,0,11,17.0,0.647,0,,,6,7,0.857,,,,11.0,,,,,28,,0
21982,77142,0028200648,"FEB 26, 1983",LAL @ UTH,L,0,3,12.0,0.25,0,,,2,2,1.0,,,9.0,10.0,,,,,8,,0
21982,77142,0028200617,"FEB 20, 1983",LAL @ IND,W,0,10,18.0,0.556,0,,,7,8,0.875,,,,,,,,,27,,0
21982,77142,0028200604,"FEB 18, 1983",LAL @ KCK,L,0,7,14.0,0.5,0,,,3,4,0.75,,,7.0,15.0,,,,6.0,17,,0
21982,77142,0028200598,"FEB 17, 1983",LAL @ DAL,W,0,10,15.0,0.667,0,,,5,8,0.625,,,,11.0,,,,,25,,0
21982,77142,0028200587,"FEB 15, 1983",LAL vs. SAN,L,0,10,17.0,0.588,0,,,4,4,1.0,,,,,,,,,24,,0
21982,77142,0028200568,"FEB 09, 1983",LAL vs. UTH,W,0,2,7.0,0.286,0,,,3,4,0.75,,,,12.0,,,,,7,,0
21982,77142,0028200560,"FEB 08, 1983",LAL @ SEA,W,0,10,13.0,0.769,0,,,6,6,1.0,,,10.0,11.0,,,,,26,,0
21982,77142,0028200558,"FEB 06, 1983",LAL vs. KCK,W,0,4,7.0,0.571,0,,,3,3,1.0,,,,11.0,,,,,11,,0
21982,77142,0028200541,"FEB 04, 1983",LAL @ KCK,W,0,3,9.0,0.333,0,,,2,6,0.333,,,,,,,,,8,,0
21982,77142,0028200533,"FEB 02, 1983",LAL @ DAL,L,0,4,11.0,0.364,0,,,6,8,0.75,,,7.0,6.0,,,,,14,,0
21982,77142,0028200517,"JAN 30, 1983",LAL @ BOS,L,0,5,10.0,0.5,0,,,4,4,1.0,,,9.0,10.0,,,,,14,,0
21982,77142,0028200507,"JAN 28, 1983",LAL vs. ATL,W,0,7,8.0,0.875,0,,,7,8,0.875,,,,9.0,,,,,21,,0
21982,77142,0028200491,"JAN 26, 1983",LAL vs. MIL,W,0,4,11.0,0.364,0,,,1,4,0.25,,,12.0,20.0,,,,,9,,0
21982,77142,0028200482,"JAN 25, 1983",LAL @ POR,W,0,5,11.0,0.455,0,,,1,1,1.0,,,9.0,9.0,,,,,11,,0
21982,77142,0028200434,"JAN 15, 1983",LAL @ ATL,W,0,6,10.0,0.6,0,,,1,1,1.0,,,17.0,21.0,,,,,13,,0
21982,77142,0028200405,"JAN 11, 1983",LAL @ NJN,L,0,4,8.0,0.5,0,,,8,8,1.0,,,8.0,11.0,,,,,16,,0
21982,77142,0028200376,"JAN 06, 1983",LAL @ CLE,W,0,5,9.0,0.556,0,,,4,4,1.0,,,,8.0,,,,,14,,0
21982,77142,0028200372,"JAN 05, 1983",LAL @ PHL,L,46,11,16.0,0.688,0,0.0,0.0,1,1,1.0,,,12.0,20.0,,0.0,,3.0,23,,0
21982,77142,0028200359,"JAN 02, 1983",LAL vs. DET,W,0,2,6.0,0.333,0,,,3,3,1.0,,,7.0,12.0,,,,,7,,0
21982,77142,0028200342,"DEC 30, 1982",LAL vs. SEA,W,0,5,10.0,0.5,0,,,7,7,1.0,,,8.0,16.0,,,,,17,,0
21982,77142,0028200336,"DEC 29, 1982",LAL @ GOS,W,0,6,13.0,0.462,0,,,15,16,0.938,,,,10.0,,,,,27,,0
21982,77142,0028200318,"DEC 26, 1982",LAL @ HOU,W,0,4,13.0,0.308,0,,,4,6,0.667,,,10.0,4.0,,,,,12,,0
21982,77142,0028200307,"DEC 23, 1982",LAL @ SDC,W,0,11,16.0,0.688,0,,,1,1,1.0,,,7.0,9.0,,,,,23,,0
21982,77142,0028200302,"DEC 22, 1982",LAL vs. UTH,W,0,8,10.0,0.8,0,,,2,2,1.0,,,7.0,12.0,,,,,18,,0
21982,77142,0028200289,"DEC 19, 1982",LAL vs. DAL,W,0,9,17.0,0.529,0,,,2,3,0.667,,,,13.0,,,,,20,,0
21982,77142,0028200284,"DEC 18, 1982",LAL @ PHX,L,0,5,12.0,0.417,0,,,5,6,0.833,,,,,,,,,15,,0
21982,77142,0028200274,"DEC 17, 1982",LAL vs. NJN,W,0,8,11.0,0.727,0,,,0,1,0.0,,,8.0,13.0,,,,,16,,0
21982,77142,0028200254,"DEC 14, 1982",LAL @ POR,L,0,9,12.0,0.75,0,,,6,7,0.857,,,9.0,12.0,,,,,24,,0
21982,77142,0028200246,"DEC 11, 1982",LAL @ GOS,W,0,6,9.0,0.667,0,,,2,4,0.5,,,,,,,,,14,,0
21982,77142,0028200237,"DEC 10, 1982",LAL @ UTH,W,0,8,13.0,0.615,0,,,3,7,0.429,,,12.0,13.0,,,,,19,,0
21982,77142,0028200224,"DEC 08, 1982",LAL vs. PHX,W,0,1,3.0,0.333,0,,,3,5,0.6,,,,8.0,,,,,5,,0
21982,77142,0028200196,"DEC 03, 1982",LAL vs. POR,W,0,6,10.0,0.6,0,,,2,2,1.0,,,9.0,14.0,,,,,14,,0
21982,77142,0028200183,"DEC 01, 1982",LAL @ HOU,W,0,7,11.0,0.636,0,,,5,6,0.833,,,,,,,,,19,,0
21982,77142,0028200174,"NOV 30, 1982",LAL @ SAN,L,0,6,11.0,0.643,0,,,5,6,0.667,,,,,,,,,17,,0
21982,77142,0028200172,"NOV 28, 1982",LAL vs. GOS,W,0,4,8.0,0.5,0,,,2,3,0.667,,,,13.0,,,,,10,,0
21982,77142,0028200144,"NOV 24, 1982",LAL @ SEA,W,0,2,8.0,0.25,0,,,0,0,0.0,,,,10.0,,,,,4,,0
21982,77142,0028200121,"NOV 19, 1982",LAL vs. WAS,W,0,2,7.0,0.286,0,,,3,4,0.75,,,9.0,,,,,,7,,0
21982,77142,0028200102,"NOV 16, 1982",LAL @ PHX,L,0,3,6.0,0.5,0,,,2,2,1.0,,,,7.0,,,,,8,,0
21982,77142,0028200101,"NOV 14, 1982",LAL vs. CLE,W,0,2,7.0,0.286,0,,,3,4,0.75,,,12.0,,,,,,7,,0
21982,77142,0028200085,"NOV 12, 1982",LAL vs. HOU,W,0,10,15.0,0.667,0,,,8,9,0.889,,,10.0,,,,,,28,,0
21982,77142,0028200062,"NOV 09, 1982",LAL vs. KCK,W,0,6,10.0,0.6,0,,,3,4,0.75,,,,,,,,,15,,0
21982,77142,0028200059,"NOV 07, 1982",LAL vs. POR,W,0,6,9.0,0.667,0,,,2,2,1.0,,,,10.0,,,,,14,,0
21982,77142,0028200057,"NOV 06, 1982",LAL @ UTH,W,0,10,14.0,0.714,0,,,2,4,0.5,,,11.0,8.0,,,,,22,,0
21982,77142,0028200042,"NOV 04, 1982",LAL vs. DEN,W,0,6,10.0,0.6,0,,,3,3,1.0,,,,9.0,,,,,15,,0
21982,77142,0028200035,"NOV 03, 1982",LAL @ DEN,W,0,5,,,0,,,7,9,0.778,,,15.0,13.0,,,,,17,,0
21982,77142,0028200010,"OCT 29, 1982",LAL vs. GOS,L,0,10,,,0,,,2,4,0.5,,,10.0,10.0,,,,,22,,0
21981,77142,0028100943,"APR 18, 1982",LAL @ PHX,W,41,6,11.0,0.545,0,1.0,0.0,3,4,0.75,,,15.0,12.0,,,,1.0,15,,0
21981,77142,0028100931,"APR 16, 1982",LAL vs. GOS,W,0,7,,,0,,,0,1,0.0,,,,,,,,,14,,0
21981,77142,0028100918,"APR 14, 1982",LAL vs. UTH,W,0,9,,,0,,,2,3,0.667,,,,,,,,,20,,0
21981,77142,0028100908,"APR 13, 1982",LAL @ GOS,L,0,6,,,0,,,1,2,0.5,,,,,,,,,13,,0
21981,77142,0028100892,"APR 11, 1982",LAL vs. SEA,W,0,3,,,0,,,2,2,1.0,,,,,,,,,8,,0
21981,77142,0028100878,"APR 09, 1982",LAL vs. DEN,W,0,7,,,0,,,3,7,0.429,,,,,,,,,17,,0
21981,77142,0028100859,"APR 06, 1982",LAL @ HOU,W,0,8,,,0,,,7,7,1.0,,,,,,,,,23,,0
21981,77142,0028100855,"APR 04, 1982",LAL vs. POR,W,0,7,,,0,,,6,7,0.857,,,,,,,,,20,,0
21981,77142,0028100844,"APR 02, 1982",LAL vs. PHX,L,0,5,,,0,,,0,0,0.0,,,,,,,,,10,,0
21981,77142,0028100835,"APR 01, 1982",LAL @ SDC,W,0,2,,,0,,,3,4,0.75,,,,,,,,,7,,0
21981,77142,0028100815,"MAR 30, 1982",LAL vs. SDC,W,0,10,,,0,,,9,13,0.692,,,,,,,,,29,,0
21981,77142,0028100808,"MAR 28, 1982",LAL @ KCK,W,0,5,,,0,,,4,6,0.667,,,,,,,,,14,,0
21981,77142,0028100801,"MAR 26, 1982",LAL @ SAN,L,0,8,,,0,,,1,2,0.5,,,,,,,,,17,,0
21981,77142,0028100779,"MAR 23, 1982",LAL vs. DAL,L,0,3,,,0,,,5,10,0.5,,,,,,,,,11,,0
21981,77142,0028100766,"MAR 21, 1982",LAL vs. HOU,W,0,7,,,0,,,11,12,0.917,,,,,,,,,25,,0
21981,77142,0028100755,"MAR 19, 1982",LAL @ DAL,W,0,6,,,0,,,5,8,0.625,,,,,,,,,17,,0
21981,77142,0028100744,"MAR 17, 1982",LAL @ UTH,W,0,10,,,0,,,3,4,0.75,,,,,,,,,23,,0
21981,77142,0028100737,"MAR 16, 1982",LAL @ POR,W,0,10,,,0,,,4,4,1.0,,,,,,,,,24,,0
21981,77142,0028100723,"MAR 14, 1982",LAL vs. DAL,W,0,6,,,0,,,1,1,1.0,,,,,,,,,13,,0
21981,77142,0028100715,"MAR 12, 1982",LAL vs. CHI,L,40,13,20.0,0.65,2,2.0,1.0,2,3,0.667,,,8.0,8.0,,,,5.0,30,,0
21981,77142,0028100695,"MAR 09, 1982",LAL vs. KCK,W,36,8,13.0,0.615,0,,,11,13,0.846,,,4.0,4.0,1.0,0.0,,3.0,27,,0
21981,77142,0028100690,"MAR 07, 1982",LAL @ PHL,L,41,6,11.0,0.545,0,0.0,,4,6,0.667,,,11.0,8.0,,1.0,,3.0,16,,0
21981,77142,0028100666,"MAR 04, 1982",LAL @ NYK,L,42,5,11.0,0.455,0,,,10,10,1.0,,,11.0,9.0,,,,4.0,20,,0
21981,77142,0028100660,"MAR 03, 1982",LAL @ NJN,L,39,9,17.0,0.529,0,,,0,1,0.0,,,8.0,6.0,,,,5.0,18,,0
21981,77142,0028100632,"FEB 26, 1982",LAL vs. PHL,W,50,7,12.0,0.583,0,0.0,,4,4,1.0,,,10.0,10.0,,0.0,,3.0,18,,0
21981,77142,0028100626,"FEB 25, 1982",LAL @ SEA,W,0,5,,,0,,,0,2,0.0,,,,,,,,,10,,0
21981,77142,0028100614,"FEB 23, 1982",LAL vs. DEN,W,30,6,11.0,0.545,1,1.0,1.0,2,2,1.0,,,6.0,8.0,,,,2.0,15,,0
21981,77142,0028100610,"FEB 21, 1982",LAL @ DEN,W,38,11,14.0,0.786,0,0.0,,3,4,0.75,,,8.0,8.0,,,,4.0,25,,0
21981,77142,0028100593,"FEB 19, 1982",LAL vs. GOS,W,0,9,,,0,,,8,8,1.0,,,,,,,,,26,,0
21981,77142,0028100579,"FEB 16, 1982",LAL vs. SEA,W,0,5,,,0,,,1,2,0.5,,,,,,,,,11,,0
21981,77142,0028100565,"FEB 14, 1982",LAL vs. BOS,L,0,6,,,0,,,7,9,0.778,,,,,,,,,19,,0
21981,77142,0028100554,"FEB 12, 1982",LAL vs. SAN,L,0,5,,,0,,,9,12,0.75,,,,,,,,,19,,0
21981,77142,0028100536,"FEB 09, 1982",LAL @ ATL,W,0,10,,,0,,,1,2,0.5,,,,,,,,,21,,0
21981,77142,0028100517,"FEB 05, 1982",LAL @ WAS,W,37,10,18.0,0.556,0,,,2,3,0.667,,,8.0,6.0,,0.0,,2.0,22,,0
21981,77142,0028100493,"FEB 02, 1982",LAL @ GOS,L,0,5,,,0,,,7,8,0.875,,,,,,,,,17,,0
21981,77142,0028100487,"JAN 28, 1982",LAL vs. PHX,W,0,3,,,0,,,6,6,1.0,,,,,,,,,12,,0
21981,77142,0028100469,"JAN 26, 1982",LAL vs. MIL,L,0,6,,,0,,,4,7,0.571,,,,,,,,,16,,0
21981,77142,0028100451,"JAN 22, 1982",LAL vs. DET,W,0,10,,,0,,,6,9,0.667,,,,,,,,,26,,0
21981,77142,0028100439,"JAN 20, 1982",LAL vs. NJN,W,0,4,,,0,,,2,2,1.0,,,,,,,,,10,,0
21981,77142,0028100433,"JAN 19, 1982",LAL @ DEN,L,0,9,,,0,,,4,7,0.571,,,,,,,,,22,,0
21981,77142,0028100427,"JAN 17, 1982",LAL @ KCK,W,0,12,,,0,,,5,5,1.0,,,,,,,,,29,,0
21981,77142,0028100413,"JAN 15, 1982",LAL @ IND,W,0,6,,,0,,,7,13,0.538,,,,,,,,,19,,0
21981,77142,0028100394,"JAN 12, 1982",LAL @ CLE,W,0,8,,,0,,,9,9,1.0,,,,,,,,,25,,0
21981,77142,0028100384,"JAN 10, 1982",LAL @ MIL,L,0,8,,,0,,,12,13,0.923,,,,,,,,,28,,0
21981,77142,0028100381,"JAN 09, 1982",LAL @ DET,W,0,18,,,0,,,4,5,0.8,,,,,,,,,40,,0
21981,77142,0028100372,"JAN 08, 1982",LAL @ CHI,L,0,11,,,0,,,10,12,0.833,,,,,,,,,32,,0
21981,77142,0028100348,"JAN 03, 1982",LAL vs. SEA,L,0,4,,,0,,,1,4,0.25,,,,,,,,,9,,0
21981,77142,0028100318,"DEC 29, 1981",LAL vs. UTH,W,0,5,,,0,,,3,6,0.5,,,,,,,,,13,,0
21981,77142,0028100311,"DEC 27, 1981",LAL vs. SDC,W,0,8,,,0,,,5,9,0.556,,,,,,,,,21,,0
21981,77142,0028100300,"DEC 25, 1981",LAL @ PHX,W,0,8,,,0,,,2,2,1.0,,,,,,,,,18,,0
21981,77142,0028100283,"DEC 22, 1981",LAL @ POR,W,0,7,,,0,,,6,7,0.857,,,,,,,,,20,,0
21981,77142,0028100282,"DEC 20, 1981",LAL vs. ATL,W,0,4,,,0,,,3,3,1.0,,,,,,,,,11,,0
21981,77142,0028100275,"DEC 19, 1981",LAL @ SDC,W,0,8,,,0,,,6,6,1.0,,,,,,,,,22,,0
21981,77142,0028100261,"DEC 17, 1981",LAL @ GOS,L,0,5,,,0,,,6,8,0.75,,,,,,,,,16,,0
21981,77142,0028100245,"DEC 13, 1981",LAL vs. GOS,W,0,12,,,0,,,2,2,1.0,,,,,,,,,26,,0
21981,77142,0028100231,"DEC 11, 1981",LAL vs. POR,W,0,11,,,0,,,1,3,0.333,,,,,,,,,23,,0
21981,77142,0028100208,"DEC 08, 1981",LAL vs. WAS,W,0,9,,,0,,,4,7,0.571,,,,,,,,,22,,0
21981,77142,0028100205,"DEC 06, 1981",LAL vs. KCK,W,0,9,,,0,,,4,5,0.8,,,,,,,,,22,,0
21981,77142,0028100194,"DEC 04, 1981",LAL @ DEN,W,0,8,,,0,,,8,8,1.0,,,,,,,,,24,,0
21981,77142,0028100183,"DEC 02, 1981",LAL @ SEA,L,0,4,,,0,,,0,0,0.0,,,,,,,,,8,,0
21981,77142,0028100172,"DEC 01, 1981",LAL vs. UTH,W,0,6,,,0,,,7,8,0.875,,,,,,,,,19,,0
21981,77142,0028100166,"NOV 29, 1981",LAL vs. HOU,W,0,6,,,0,,,0,2,0.0,,,,,,,,,12,,0
21981,77142,0028100156,"NOV 27, 1981",LAL vs. SDC,L,0,4,,,1,,,8,10,0.8,,,,,,,,6.0,17,,0
21981,77142,0028100142,"NOV 25, 1981",LAL @ SAN,W,0,9,,,0,,,1,1,1.0,,,,,,,,,19,,0
21981,77142,0028100137,"NOV 24, 1981",LAL @ DAL,W,0,4,,,0,,,5,7,0.714,,,,,,,,,13,,0
21981,77142,0028100130,"NOV 21, 1981",LAL @ SDC,W,0,3,,,0,,,2,2,1.0,,,,,,,,,8,,0
21981,77142,0028100120,"NOV 20, 1981",LAL vs. SAN,W,0,8,,,0,,,4,4,1.0,,,,,,,,,20,,0
21981,77142,0028100104,"NOV 18, 1981",LAL @ UTH,W,0,6,,,0,,,5,8,0.625,,,,,,,,,17,,0
21981,77142,0028100095,"NOV 15, 1981",LAL vs. IND,W,0,8,,,0,,,6,8,0.75,,,,,,,,,22,,0
21981,77142,0028100091,"NOV 14, 1981",LAL @ PHX,W,0,3,,,0,,,2,3,0.667,,,,,,,,,8,,0
21981,77142,0028100080,"NOV 13, 1981",LAL vs. POR,W,0,8,,,0,,,3,7,0.429,,,,,,,,,19,,0
21981,77142,0028100069,"NOV 11, 1981",LAL @ HOU,W,0,6,,,0,,,5,7,0.714,,,,,,,,,17,,0
21981,77142,0028100070,"NOV 10, 1981",LAL @ SAN,L,0,10,,,0,,,4,5,0.8,,,,,,,,,24,,0
21981,77142,0028100055,"NOV 08, 1981",LAL vs. DAL,W,0,9,,,0,,,6,7,0.857,,,,,,,,,24,,0
21981,77142,0028100042,"NOV 06, 1981",LAL vs. PHX,L,0,5,,,1,,,0,0,0.0,,,,,,,,,11,,0
21981,77142,0028100030,"NOV 04, 1981",LAL @ SEA,W,0,5,,,0,,,2,2,1.0,,,,,,,,,12,,0
21981,77142,0028100024,"NOV 03, 1981",LAL @ POR,L,0,4,,,0,,,2,2,1.0,,,,,,,,,10,,0
21981,77142,0028100006,"OCT 30, 1981",LAL vs. HOU,L,0,10,,,1,,,6,6,1.0,,,,,,,,,27,,0
21980,77142,0028000933,"MAR 29, 1981",LAL vs. DEN,L,0,14,,,0,,,5,8,0.625,,,,,,,,,33,,0
21980,77142,0028000930,"MAR 28, 1981",LAL @ UTH,L,0,17,,,0,,,7,10,0.7,,,,,,,,,41,,0
21980,77142,0028000927,"MAR 27, 1981",LAL @ SEA,W,0,4,,,0,,,5,8,0.625,,,,,,,,,13,,0
21980,77142,0028000901,"MAR 24, 1981",LAL vs. GOS,W,0,10,,,0,,,4,5,0.8,,,,,,,,,24,,0
21980,77142,0028000896,"MAR 22, 1981",LAL @ GOS,W,0,9,,,0,,,6,7,0.857,,,,,,,,,24,,0
21980,77142,0028000889,"MAR 21, 1981",LAL @ POR,W,0,9,,,0,,,3,5,0.6,,,,,,,,,21,,0
21980,77142,0028000879,"MAR 20, 1981",LAL vs. SEA,W,0,6,,,0,,,16,21,0.762,,,,,,,,,28,,0
21980,77142,0028000869,"MAR 18, 1981",LAL @ PHX,L,0,10,,,1,,,4,7,0.571,,,,,,,,,25,,0
21980,77142,0028000858,"MAR 17, 1981",LAL @ DAL,W,0,8,,,0,,,2,4,0.5,,,,,,,,,18,,0
21980,77142,0028000856,"MAR 15, 1981",LAL vs. SDC,L,0,4,,,0,,,12,13,0.923,,,,,,,,,20,,0
21980,77142,0028000840,"MAR 13, 1981",LAL vs. KCK,W,0,8,,,0,,,5,7,0.714,,,,,,,,,21,,0
21980,77142,0028000832,"MAR 12, 1981",LAL @ SDC,W,0,12,,,0,,,3,4,0.75,,,,,,,,,27,,0
21980,77142,0028000820,"MAR 10, 1981",LAL vs. SAN,W,0,9,,,0,,,3,3,1.0,,,,,,,,,21,,0
21980,77142,0028000786,"MAR 04, 1981",LAL @ DEN,L,0,7,,,0,,,7,8,0.875,,,,,,,,,21,,0
21980,77142,0028000784,"MAR 03, 1981",LAL @ KCK,W,0,6,,,0,,,1,2,0.5,,,,,,,,,13,,0
21980,77142,0028000778,"MAR 01, 1981",LAL vs. PHX,L,0,4,,,0,,,1,2,0.5,,,,,,,4.0,,9,,0
21980,77142,0028000764,"FEB 27, 1981",LAL vs. NJN,W,0,4,,,0,,,4,6,0.667,,,,,,,,,12,,0
21980,77142,0028000213,"NOV 18, 1980",LAL vs. KCK,W,0,1,,,0,,,0,0,0.0,,,,,,,,,2,,0
21980,77142,0028000207,"NOV 16, 1980",LAL vs. DAL,W,0,9,,,0,,,6,7,0.857,,,,8.0,,,,,24,,0
21980,77142,0028000192,"NOV 14, 1980",LAL vs. SDC,W,0,5,,,0,,,3,5,0.6,,,,,,,,,13,,0
21980,77142,0028000183,"NOV 12, 1980",LAL @ HOU,L,0,8,,,0,,,1,2,0.5,,,,,,,,,17,,0
21980,77142,0028000174,"NOV 11, 1980",LAL @ ATL,W,0,6,,,0,,,6,6,1.0,,,,,,,,,18,,0
21980,77142,0028000164,"NOV 08, 1980",LAL @ SAN,L,0,12,,,0,,,4,5,0.8,,,,,,,,,28,,0
21980,77142,0028000156,"NOV 07, 1980",LAL @ DAL,W,0,12,,,1,,,7,7,1.0,,,,,,,,,32,,0
21980,77142,0028000138,"NOV 04, 1980",LAL vs. POR,W,0,9,,,0,,,2,3,0.667,,,,,,,,,20,,0
21980,77142,0028000131,"NOV 02, 1980",LAL vs. DEN,L,0,7,,,0,,,4,4,1.0,,,,,,,,,18,,0
21980,77142,0028000117,"OCT 31, 1980",LAL vs. CLE,W,0,9,,,0,,,4,4,1.0,,,,,,,,,22,,0
21980,77142,0028000098,"OCT 28, 1980",LAL @ SDC,W,0,13,,,1,,,2,2,1.0,,,,,,,,,29,,0
21980,77142,0028000093,"OCT 26, 1980",LAL vs. SAN,L,0,10,,,0,,,4,5,0.8,,,,,,,,,24,,0
21980,77142,0028000088,"OCT 25, 1980",LAL @ UTH,W,0,9,,,0,,,15,17,0.882,,,,,,,,,33,,0
21980,77142,0028000079,"OCT 24, 1980",LAL vs. SEA,W,0,7,,,0,,,4,4,1.0,,,,,,,,,18,,0
21980,77142,0028000064,"OCT 21, 1980",LAL @ POR,L,0,6,,,0,,,3,4,0.75,,,,,,,,,15,,0
21980,77142,0028000055,"OCT 19, 1980",LAL vs. GOS,W,0,11,,,0,,,4,7,0.571,,,,,,,,,26,,0
21980,77142,0028000040,"OCT 17, 1980",LAL vs. PHX,W,0,9,,,0,,,6,10,0.6,,,,,,,,,24,,0
21980,77142,0028000032,"OCT 15, 1980",LAL @ KCK,W,0,8,,,0,,,4,8,0.5,,,,,,,,,20,,0
21980,77142,0028000019,"OCT 12, 1980",LAL vs. HOU,W,0,14,,,0,,,2,3,0.667,,,,,,,,,30,,0
21980,77142,0028000006,"OCT 10, 1980",LAL @ SEA,W,0,6,,,0,,,2,2,1.0,,,,,,,,,14,,0
21979,77142,0027900900,"MAR 30, 1980",LAL @ GOS,W,0,5,,,0,,,6,8,0.75,,,,,,,,,16,,0
21979,77142,0027900891,"MAR 28, 1980",LAL vs. SDC,W,0,10,,,0,,,2,3,0.667,,,,,,,,,22,,0
21979,77142,0027900881,"MAR 27, 1980",LAL @ UTH,W,0,7,,,0,,,5,7,0.714,,,,,,,,,19,,0
21979,77142,0027900854,"MAR 23, 1980",LAL vs. UTH,W,0,3,,,0,,,7,7,1.0,,,,,,,,,13,,0
21979,77142,0027900852,"MAR 22, 1980",LAL @ SEA,W,0,0,,,0,,,2,2,1.0,,,,,,,,,2,,0
21979,77142,0027900830,"MAR 19, 1980",LAL @ PHX,L,0,6,,,2,,,5,6,0.833,,,,,,,,,19,,0
21979,77142,0027900823,"MAR 18, 1980",LAL vs. GOS,W,0,5,,,0,,,6,7,0.857,,,,,,,,,16,,0
21979,77142,0027900810,"MAR 16, 1980",LAL vs. PHX,W,0,8,,,0,,,5,6,0.833,,,,,,,,,21,,0
21979,77142,0027900798,"MAR 14, 1980",LAL vs. DEN,W,0,6,,,0,,,5,5,1.0,,,,,,,,,17,,0
21979,77142,0027900793,"MAR 12, 1980",LAL vs. POR,W,0,2,,,0,,,10,13,0.769,,,,,,,,,14,,0
21979,77142,0027900787,"MAR 11, 1980",LAL @ SDC,W,0,5,,,0,,,2,2,1.0,,,,,,,,,12,,0
21979,77142,0027900779,"MAR 09, 1980",LAL @ POR,L,0,10,,,2,,,3,5,0.6,,,,,,,,,25,,0
21979,77142,0027900761,"MAR 07, 1980",LAL vs. CHI,W,0,6,,,0,,,2,2,1.0,,,,,,,,,14,,0
21979,77142,0027900754,"MAR 05, 1980",LAL @ KCK,W,0,12,,,0,,,4,5,0.8,,,,,,,,,28,,0
21979,77142,0027900745,"MAR 04, 1980",LAL @ MIL,W,0,6,,,0,,,6,6,1.0,,,,,,,,,18,,0
21979,77142,0027900740,"MAR 02, 1980",LAL @ PHX,L,0,7,,,0,,,6,10,0.6,,,,,,,,,20,,0
21979,77142,0027900727,"FEB 29, 1980",LAL vs. MIL,L,0,8,,,1,,,2,3,0.667,,,,,,,,,19,,0
21979,77142,0027900708,"FEB 26, 1980",LAL vs. SEA,W,0,7,,,0,,,4,5,0.8,,,,,,,,,18,,0
21979,77142,0027900703,"FEB 24, 1980",LAL vs. HOU,W,0,3,,,0,,,2,4,0.5,,,,,,,,,8,,0
21979,77142,0027900691,"FEB 22, 1980",LAL vs. NJN,W,0,4,,,0,,,1,3,0.333,,,,,,,,,9,,0
21979,77142,0027900682,"FEB 20, 1980",LAL @ DEN,W,0,11,,,0,,,8,9,0.889,,,,,,,,,30,,0
21979,77142,0027900673,"FEB 17, 1980",LAL vs. WAS,W,0,8,,,0,,,4,4,1.0,,,,,,,,,20,,0
21979,77142,0027900655,"FEB 15, 1980",LAL vs. KCK,W,0,9,,,0,,,2,2,1.0,,,,,,,,,20,,0
21979,77142,0027900647,"FEB 13, 1980",LAL vs. POR,W,0,2,,,0,,,6,7,0.857,,,,,,,,,10,,0
21979,77142,0027900627,"FEB 10, 1980",LAL @ PHL,L,0,8,,,0,,,5,5,1.0,,,,,,,,,21,,0
21979,77142,0027900617,"FEB 08, 1980",LAL @ NJN,W,0,7,,,0,,,5,6,0.833,,,,,,,,,19,,0
21979,77142,0027900606,"FEB 05, 1980",LAL @ NYK,W,0,7,,,0,,,5,7,0.714,,,,,,,,,19,,0
21979,77142,0027900597,"JAN 31, 1980",LAL @ CHI,W,0,6,,,0,,,4,4,1.0,,,,,,,,,16,,0
21979,77142,0027900581,"JAN 29, 1980",LAL @ CLE,L,0,12,,,0,,,6,7,0.857,,,,,,,,,30,,0
21979,77142,0027900570,"JAN 27, 1980",LAL vs. MIL,W,0,11,,,0,,,3,3,1.0,,,,,,,,,25,,0
21979,77142,0027900560,"JAN 25, 1980",LAL vs. PHL,W,0,5,,,0,,,0,0,0.0,,,,,,,,,10,,0
21979,77142,0027900552,"JAN 24, 1980",LAL @ POR,L,0,1,,,0,,,4,7,0.571,,,,,,,,,6,,0
21979,77142,0027900535,"JAN 21, 1980",LAL vs. NYK,W,0,4,,,0,,,8,11,0.727,,,,,,,,,16,,0
21979,77142,0027900518,"JAN 18, 1980",LAL vs. ATL,W,0,3,,,0,,,3,4,0.75,,,,,,,,,9,,0
21979,77142,0027900500,"JAN 13, 1980",LAL @ BOS,W,0,0,,,0,,,1,2,0.5,,,,,,,,,1,,0
21979,77142,0027900480,"JAN 11, 1980",LAL @ DET,W,0,4,,,0,,,5,5,1.0,,,,,,,,,13,,0
21979,77142,0027900472,"JAN 09, 1980",LAL @ WAS,L,0,4,,,0,,,6,7,0.857,,,,,,,,,14,,0
21979,77142,0027900459,"JAN 06, 1980",LAL @ MIL,L,0,8,,,0,,,2,6,0.333,,,,,,,,,18,,0
21979,77142,0027900436,"JAN 02, 1980",LAL @ IND,W,0,7,,,0,,,6,6,1.0,,,,,,,,,20,,0
21979,77142,0027900427,"DEC 30, 1979",LAL vs. PHX,W,0,6,,,0,,,3,4,0.75,,,,,,,,,15,,0
21979,77142,0027900410,"DEC 28, 1979",LAL vs. BOS,W,0,7,,,0,,,9,10,0.9,,,,,,,,,23,,0
21979,77142,0027900409,"DEC 27, 1979",LAL @ UTH,W,0,6,,,0,,,3,4,0.75,,,,,,,,,15,,0
21979,77142,0027900397,"DEC 26, 1979",LAL @ KCK,L,0,9,,,0,,,6,6,1.0,,,,,,,,,24,,0
21979,77142,0027900390,"DEC 23, 1979",LAL vs. SEA,W,0,6,,,0,,,4,5,0.8,,,,,,,,,16,,0
21979,77142,0027900385,"DEC 22, 1979",LAL @ DEN,L,0,8,,,0,,,4,6,0.667,,,,,,,,,20,,0
21979,77142,0027900374,"DEC 21, 1979",LAL vs. GOS,W,0,7,,,0,,,10,12,0.833,,,,,,,,,24,,0
21979,77142,0027900364,"DEC 19, 1979",LAL @ ATL,L,0,7,,,0,,,8,10,0.8,,,,,,,,,22,,0
21979,77142,0027900359,"DEC 18, 1979",LAL @ CHI,W,0,6,,,0,,,10,13,0.769,,,,,,,,,22,,0
21979,77142,0027900355,"DEC 16, 1979",LAL vs. SAN,W,0,7,,,0,,,4,5,0.8,,,,,,,,,18,,0
21979,77142,0027900336,"DEC 14, 1979",LAL vs. DET,W,0,9,,,0,,,9,11,0.818,,,,,,,,,27,,0
21979,77142,0027900316,"DEC 09, 1979",LAL vs. DEN,W,0,7,,,0,,,7,9,0.778,,,,,,,,,21,,0
21979,77142,0027900300,"DEC 07, 1979",LAL vs. SDC,L,0,14,,,0,,,3,3,1.0,,,,,,,,,31,,0
21979,77142,0027900291,"DEC 05, 1979",LAL @ HOU,W,0,5,,,0,,,6,6,1.0,,,,,,,,,16,,0
21979,77142,0027900287,"DEC 04, 1979",LAL @ SAN,W,0,10,,,0,,,4,4,1.0,,,,,,,,,24,,0
21979,77142,0027900279,"DEC 02, 1979",LAL vs. MIL,W,0,10,,,0,,,3,3,1.0,,,,,,,,,23,,0
21979,77142,0027900260,"NOV 30, 1979",LAL vs. CHI,L,0,2,,,0,,,2,4,0.5,,,,,,,,,6,,0
21979,77142,0027900245,"NOV 27, 1979",LAL @ UTH,W,0,3,,,0,,,8,8,1.0,,,,,,,,,14,,0
21979,77142,0027900240,"NOV 25, 1979",LAL vs. KCK,W,0,7,,,0,,,2,2,1.0,,,,,,,,,16,,0
21979,77142,0027900225,"NOV 23, 1979",LAL @ PHX,L,0,6,,,0,,,13,15,0.867,,,,,,,,,25,,0
21979,77142,0027900215,"NOV 21, 1979",LAL @ SEA,L,0,6,,,1,,,1,1,1.0,,,,,,,,,14,,0
21979,77142,0027900205,"NOV 20, 1979",LAL @ POR,L,0,4,,,1,,,6,9,0.667,,,,,,,,,15,,0
21979,77142,0027900199,"NOV 18, 1979",LAL vs. IND,W,0,5,,,0,,,4,4,1.0,,,,,,,,,14,,0
21979,77142,0027900187,"NOV 16, 1979",LAL @ DEN,W,0,7,,,0,,,6,7,0.857,,,,,,,,,20,,0
21979,77142,0027900180,"NOV 15, 1979",LAL @ KCK,L,0,2,,,0,,,5,6,0.833,,,,,,,,,9,,0
21979,77142,0027900172,"NOV 13, 1979",LAL @ SDC,W,0,9,,,0,,,4,6,0.667,,,,,,,,,22,,0
21979,77142,0027900161,"NOV 11, 1979",LAL vs. CLE,W,0,10,,,0,,,4,4,1.0,,,,,,,,,24,,0
21979,77142,0027900147,"NOV 09, 1979",LAL vs. DEN,W,0,10,,,0,,,11,15,0.733,,,,,,,,,31,,0
21979,77142,0027900143,"NOV 07, 1979",LAL @ GOS,L,0,7,,,0,,,2,2,1.0,,,,,,,,,16,,0
21979,77142,0027900134,"NOV 06, 1979",LAL vs. SDC,W,0,7,,,0,,,4,5,0.8,,,,,,,,,18,,0
21979,77142,0027900118,"NOV 02, 1979",LAL vs. PHX,W,0,7,,,0,,,6,8,0.75,,,,,,,,,20,,0
21979,77142,0027900102,"OCT 31, 1979",LAL @ MIL,L,0,5,,,0,,,0,0,0.0,,,,,,,,,10,,0
21979,77142,0027900098,"OCT 30, 1979",LAL @ CHI,W,0,9,,,0,,,6,7,0.857,,,,,,,,,24,,0
21979,77142,0027900093,"OCT 28, 1979",LAL vs. GOS,W,0,6,,,0,,,3,4,0.75,,,,,,,,,15,,0
21979,77142,0027900083,"OCT 26, 1979",LAL vs. KCK,W,0,9,,,0,,,8,9,0.889,,,,,,,,,26,,0
21979,77142,0027900033,"OCT 17, 1979",LAL @ SEA,L,0,4,,,0,,,7,8,0.875,,,,,,,,,15,,0
21979,77142,0027900028,"OCT 16, 1979",LAL vs. CHI,W,0,7,,,0,,,5,6,0.833,,,,,,,,,19,,0
21979,77142,0027900008,"OCT 12, 1979",LAL @ SDC,W,0,10,,,0,,,6,10,0.6,,,,,,,,,26,,0
